timestamp,repo_name,period_clones,period_unique
2025-12-08 14:40:32,archinstall,1,1
2025-12-08 14:40:32,Athena,0,0
2025-12-08 14:40:32,eulix,58,34
2025-12-08 14:40:32,Freya,23,19
2025-12-08 14:40:32,gin,5,5
2025-12-08 14:40:32,github-stats,15,12
2025-12-08 14:40:32,Hecate,135,64
2025-12-08 14:40:32,Hermes,11,11
2025-12-08 14:40:32,hydra,2,2
2025-12-08 14:40:32,kondo,35,24
2025-12-08 14:40:32,Memori,1,1
2025-12-08 14:40:32,Nurysso,73,47
2025-12-08 14:40:32,pebble,2,2
2025-12-08 14:40:32,prtofolio,4,4
2025-12-08 14:40:32,sddm-astronaut-theme,0,0
2025-12-08 14:40:32,vanish,66,48
2025-12-08 14:40:32,venus,0,0
2025-12-15 01:42:44,Athena,2,2
2025-12-15 01:42:44,eulix,59,34
2025-12-15 01:42:44,Freya,10,9
2025-12-15 01:42:44,gin,22,11
2025-12-15 01:42:44,github-stats,49,39
2025-12-15 01:42:44,Hecate,169,84
2025-12-15 01:42:44,Hermes,28,21
2025-12-15 01:42:44,Nurysso,127,74
2025-12-15 01:42:44,pebble,130,19
2025-12-15 01:42:44,prtofolio,11,10
2025-12-15 01:42:44,sddm-astronaut-theme,6,5
2025-12-15 01:42:44,snapd,3,3
2025-12-15 01:42:44,tyr,55,38
2025-12-15 01:42:44,vanish,84,57
2025-12-15 01:42:44,venus,1,1
2025-12-26 20:18:33,2025-12-26,Apollo,0,0
2025-12-26 20:18:33,2025-12-26,Athena,5,5
2025-12-26 20:18:33,2025-12-26,eulix,9,8
2025-12-26 20:18:33,2025-12-26,Freya,7,6
2025-12-26 20:18:33,2025-12-26,gin,18,8
2025-12-26 20:18:33,2025-12-26,github-stats,67,52
2025-12-26 20:18:33,2025-12-26,Hecate,76,27
2025-12-26 20:18:33,2025-12-26,Hermes,11,8
2025-12-26 20:18:33,2025-12-26,Nurysso,97,50
2025-12-26 20:18:33,2025-12-26,pebble,86,16
2025-12-26 20:18:33,2025-12-26,prtofolio,5,5
2025-12-26 20:18:33,2025-12-26,sddm-astronaut-theme,8,7
2025-12-26 20:18:33,2025-12-26,snapd,1,1
2025-12-26 20:18:33,2025-12-26,tyr,37,33
2025-12-26 20:18:33,2025-12-26,vanish,35,24
2025-12-26 20:18:33,2025-12-26,venus,6,6
2025-12-27 02:06:58,2025-12-27,Apollo,12,11
2025-12-27 02:06:58,2025-12-27,Athena,5,5
2025-12-27 02:06:58,2025-12-27,eulix,9,8
2025-12-27 02:06:58,2025-12-27,Freya,7,6
2025-12-27 02:06:58,2025-12-27,gin,6,4
2025-12-27 02:06:58,2025-12-27,github-stats,64,48
2025-12-27 02:06:58,2025-12-27,Hecate,54,27
2025-12-27 02:06:58,2025-12-27,Hermes,6,6
2025-12-27 02:06:58,2025-12-27,Nurysso,102,51
2025-12-27 02:06:58,2025-12-27,pebble,86,16
2025-12-27 02:06:58,2025-12-27,prtofolio,5,5
2025-12-27 02:06:58,2025-12-27,sddm-astronaut-theme,6,6
2025-12-27 02:06:58,2025-12-27,snapd,1,1
2025-12-27 02:06:58,2025-12-27,tyr,35,31
2025-12-27 02:06:58,2025-12-27,vanish,39,28
2025-12-27 02:06:58,2025-12-27,venus,7,7
2025-12-28 02:27:53,2025-12-28,Apollo,14,13
2025-12-28 02:27:53,2025-12-28,Athena,6,6
2025-12-28 02:27:53,2025-12-28,eulix,8,8
2025-12-28 02:27:53,2025-12-28,Freya,7,7
2025-12-28 02:27:53,2025-12-28,gin,1,1
2025-12-28 02:27:53,2025-12-28,github-stats,63,46
2025-12-28 02:27:53,2025-12-28,Hecate,53,25
2025-12-28 02:27:53,2025-12-28,Hermes,6,6
2025-12-28 02:27:53,2025-12-28,Nurysso,104,50
2025-12-28 02:27:53,2025-12-28,pebble,47,12
2025-12-28 02:27:53,2025-12-28,prtofolio,5,5
2025-12-28 02:27:53,2025-12-28,sddm-astronaut-theme,6,6
2025-12-28 02:27:53,2025-12-28,snapd,0,0
2025-12-28 02:27:53,2025-12-28,tyr,37,32
2025-12-28 02:27:53,2025-12-28,vanish,46,35
2025-12-28 02:27:53,2025-12-28,venus,7,7
2025-12-29 02:25:32,2025-12-29,Apollo,15,14
2025-12-29 02:25:32,2025-12-29,Athena,7,7
2025-12-29 02:25:32,2025-12-29,eulix,6,6
2025-12-29 02:25:32,2025-12-29,Freya,9,8
2025-12-29 02:25:32,2025-12-29,gin,0,0
2025-12-29 02:25:32,2025-12-29,github-stats,65,47
2025-12-29 02:25:32,2025-12-29,Hecate,55,26
2025-12-29 02:25:32,2025-12-29,Hermes,6,6
2025-12-29 02:25:32,2025-12-29,Nurysso,114,56
2025-12-29 02:25:32,2025-12-29,pebble,48,13
2025-12-29 02:25:32,2025-12-29,prtofolio,5,5
2025-12-29 02:25:32,2025-12-29,sddm-astronaut-theme,5,5
2025-12-29 02:25:32,2025-12-29,snapd,0,0
2025-12-29 02:25:32,2025-12-29,tyr,37,32
2025-12-29 02:25:32,2025-12-29,vanish,37,31
2025-12-29 02:25:32,2025-12-29,venus,8,8
2025-12-30 02:10:49,2025-12-30,Apollo,15,14
2025-12-30 02:10:49,2025-12-30,Athena,7,7
2025-12-30 02:10:49,2025-12-30,eulix,6,6
2025-12-30 02:10:49,2025-12-30,Freya,9,8
2025-12-30 02:10:49,2025-12-30,gin,1,1
2025-12-30 02:10:49,2025-12-30,github-stats,67,48
2025-12-30 02:10:49,2025-12-30,Hecate,54,25
2025-12-30 02:10:49,2025-12-30,Hermes,6,6
2025-12-30 02:10:49,2025-12-30,Nurysso,123,61
2025-12-30 02:10:49,2025-12-30,pebble,48,13
2025-12-30 02:10:49,2025-12-30,prtofolio,5,5
2025-12-30 02:10:49,2025-12-30,sddm-astronaut-theme,5,5
2025-12-30 02:10:49,2025-12-30,snapd,1,1
2025-12-30 02:10:49,2025-12-30,tyr,38,33
2025-12-30 02:10:49,2025-12-30,vanish,37,31
2025-12-30 02:10:49,2025-12-30,venus,8,8
2025-12-30 02:10:49,2025-12-30,witr,0,0
2025-12-31 02:11:16,2025-12-31,Apollo,16,15
2025-12-31 02:11:16,2025-12-31,Athena,8,8
2025-12-31 02:11:16,2025-12-31,eulix,6,6
2025-12-31 02:11:16,2025-12-31,Freya,10,9
2025-12-31 02:11:16,2025-12-31,gin,0,0
2025-12-31 02:11:16,2025-12-31,github-stats,70,50
2025-12-31 02:11:16,2025-12-31,Hecate,38,23
2025-12-31 02:11:16,2025-12-31,Hermes,7,6
2025-12-31 02:11:16,2025-12-31,Nurysso,126,61
2025-12-31 02:11:16,2025-12-31,pebble,40,9
2025-12-31 02:11:16,2025-12-31,prtofolio,12,8
2025-12-31 02:11:16,2025-12-31,sddm-astronaut-theme,5,5
2025-12-31 02:11:16,2025-12-31,snapd,1,1
2025-12-31 02:11:16,2025-12-31,tyr,33,29
2025-12-31 02:11:16,2025-12-31,vanish,38,32
2025-12-31 02:11:16,2025-12-31,venus,10,10
2025-12-31 02:11:16,2025-12-31,witr,1,1
2026-01-01 02:28:40,2026-01-01,Apollo,16,15
2026-01-01 02:28:40,2026-01-01,Athena,8,8
2026-01-01 02:28:40,2026-01-01,eulix,14,12
2026-01-01 02:28:40,2026-01-01,Freya,9,8
2026-01-01 02:28:40,2026-01-01,gin,8,7
2026-01-01 02:28:40,2026-01-01,github-stats,71,50
2026-01-01 02:28:40,2026-01-01,Hecate,47,28
2026-01-01 02:28:40,2026-01-01,Hermes,7,6
2026-01-01 02:28:40,2026-01-01,Nurysso,137,66
2026-01-01 02:28:40,2026-01-01,pebble,40,9
2026-01-01 02:28:40,2026-01-01,prtofolio,12,8
2026-01-01 02:28:40,2026-01-01,sddm-astronaut-theme,5,5
2026-01-01 02:28:40,2026-01-01,snapd,1,1
2026-01-01 02:28:40,2026-01-01,tyr,38,34
2026-01-01 02:28:40,2026-01-01,vanish,41,34
2026-01-01 02:28:40,2026-01-01,venus,10,10
2026-01-01 02:28:40,2026-01-01,witr,2,2
2026-01-02 02:19:01,2026-01-02,Apollo,18,17
2026-01-02 02:19:01,2026-01-02,Athena,8,8
2026-01-02 02:19:01,2026-01-02,eulix,17,13
2026-01-02 02:19:01,2026-01-02,Freya,10,9
2026-01-02 02:19:01,2026-01-02,gin,16,13
2026-01-02 02:19:01,2026-01-02,github-stats,71,50
2026-01-02 02:19:01,2026-01-02,Hecate,50,29
2026-01-02 02:19:01,2026-01-02,Hermes,7,6
2026-01-02 02:19:01,2026-01-02,Nurysso,147,70
2026-01-02 02:19:01,2026-01-02,pebble,41,10
2026-01-02 02:19:01,2026-01-02,prtofolio,10,6
2026-01-02 02:19:01,2026-01-02,sddm-astronaut-theme,6,6
2026-01-02 02:19:01,2026-01-02,snapd,1,1
2026-01-02 02:19:01,2026-01-02,tyr,37,32
2026-01-02 02:19:01,2026-01-02,vanish,42,35
2026-01-02 02:19:01,2026-01-02,venus,10,10
2026-01-02 02:19:01,2026-01-02,witr,2,2
2026-01-03 02:06:17,2026-01-03,Apollo,18,17
2026-01-03 02:06:17,2026-01-03,Athena,8,8
2026-01-03 02:06:17,2026-01-03,eulix,18,14
2026-01-03 02:06:17,2026-01-03,Freya,9,8
2026-01-03 02:06:17,2026-01-03,gin,19,15
2026-01-03 02:06:17,2026-01-03,github-stats,69,48
2026-01-03 02:06:17,2026-01-03,Hecate,55,33
2026-01-03 02:06:17,2026-01-03,Hermes,7,6
2026-01-03 02:06:17,2026-01-03,Nurysso,157,76
2026-01-03 02:06:17,2026-01-03,pebble,42,11
2026-01-03 02:06:17,2026-01-03,prtofolio,12,7
2026-01-03 02:06:17,2026-01-03,sddm-astronaut-theme,6,6
2026-01-03 02:06:17,2026-01-03,snapd,1,1
2026-01-03 02:06:17,2026-01-03,tyr,38,33
2026-01-03 02:06:17,2026-01-03,vanish,43,36
2026-01-03 02:06:17,2026-01-03,venus,10,10
2026-01-03 02:06:17,2026-01-03,witr,2,2
2026-01-04 02:29:50,2026-01-04,Apollo,18,17
2026-01-04 02:29:50,2026-01-04,Athena,8,8
2026-01-04 02:29:50,2026-01-04,dotcom,0,0
2026-01-04 02:29:50,2026-01-04,eulix,19,15
2026-01-04 02:29:50,2026-01-04,Freya,9,8
2026-01-04 02:29:50,2026-01-04,gin,0,0
2026-01-04 02:29:50,2026-01-04,github-stats,66,45
2026-01-04 02:29:50,2026-01-04,Hecate,58,34
2026-01-04 02:29:50,2026-01-04,Hermes,7,6
2026-01-04 02:29:50,2026-01-04,Nurysso,159,77
2026-01-04 02:29:50,2026-01-04,pebble,42,11
2026-01-04 02:29:50,2026-01-04,prtofolio,12,7
2026-01-04 02:29:50,2026-01-04,sddm-astronaut-theme,6,6
2026-01-04 02:29:50,2026-01-04,snapd,1,1
2026-01-04 02:29:50,2026-01-04,tyr,38,33
2026-01-04 02:29:50,2026-01-04,vanish,44,37
2026-01-04 02:29:50,2026-01-04,venus,8,8
2026-01-04 02:29:50,2026-01-04,witr,2,2
2026-01-04 20:02:32,2026-01-04,Athena,7,7
2026-01-04 20:02:32,2026-01-04,eulix,19,15
2026-01-04 20:02:32,2026-01-04,Freya,9,8
2026-01-04 20:02:32,2026-01-04,Hecate,56,32
2026-01-04 20:02:32,2026-01-04,Hermes,6,5
2026-01-04 20:02:32,2026-01-04,Nurysso,159,77
2026-01-04 20:02:32,2026-01-04,prtofolio,11,6
2026-01-04 20:02:32,2026-01-04,sddm-astronaut-theme,7,7
2026-01-04 20:02:32,2026-01-04,tyr,28,25
2026-01-04 20:02:32,2026-01-04,vanish,43,36
2026-01-04 20:02:32,2026-01-04,venus,8,8
2026-01-04 15:03:58,2026-01-04,Athena,7,7
2026-01-04 15:03:58,2026-01-04,eulix,22,17
2026-01-04 15:03:58,2026-01-04,Freya,9,8
2026-01-04 15:03:58,2026-01-04,Hecate,56,32
2026-01-04 15:03:58,2026-01-04,Hermes,6,5
2026-01-04 15:03:58,2026-01-04,Nurysso,159,77
2026-01-04 15:03:58,2026-01-04,prtofolio,11,6
2026-01-04 15:03:58,2026-01-04,sddm-astronaut-theme,7,7
2026-01-04 15:03:58,2026-01-04,tyr,28,25
2026-01-04 15:03:58,2026-01-04,vanish,43,36
2026-01-04 15:03:58,2026-01-04,venus,8,8
2026-01-05 02:35:10,2026-01-05,Athena,7,7
2026-01-05 02:35:10,2026-01-05,eulix,22,17
2026-01-05 02:35:10,2026-01-05,Freya,9,8
2026-01-05 02:35:10,2026-01-05,Hecate,56,32
2026-01-05 02:35:10,2026-01-05,Hermes,6,5
2026-01-05 02:35:10,2026-01-05,Nurysso,159,77
2026-01-05 02:35:10,2026-01-05,prtofolio,11,6
2026-01-05 02:35:10,2026-01-05,sddm-astronaut-theme,7,7
2026-01-05 02:35:10,2026-01-05,tyr,28,25
2026-01-05 02:35:10,2026-01-05,vanish,43,36
2026-01-05 02:35:10,2026-01-05,venus,7,7
2026-01-06 02:24:00,2026-01-06,Athena,6,6
2026-01-06 02:24:00,2026-01-06,eulix,22,17
2026-01-06 02:24:00,2026-01-06,Freya,9,8
2026-01-06 02:24:00,2026-01-06,Hecate,64,34
2026-01-06 02:24:00,2026-01-06,Hermes,6,5
2026-01-06 02:24:00,2026-01-06,Nurysso,166,80
2026-01-06 02:24:00,2026-01-06,prtofolio,11,6
2026-01-06 02:24:00,2026-01-06,sddm-astronaut-theme,8,8
2026-01-06 02:24:00,2026-01-06,tyr,30,26
2026-01-06 02:24:00,2026-01-06,vanish,45,37
2026-01-06 02:24:00,2026-01-06,venus,7,7
2026-01-07 02:23:58,2026-01-07,Athena,6,6
2026-01-07 02:23:58,2026-01-07,eulix,21,16
2026-01-07 02:23:58,2026-01-07,Freya,9,8
2026-01-07 02:23:58,2026-01-07,Hecate,68,37
2026-01-07 02:23:58,2026-01-07,Hermes,7,6
2026-01-07 02:23:58,2026-01-07,Nurysso,167,78
2026-01-07 02:23:58,2026-01-07,prtofolio,13,8
2026-01-07 02:23:58,2026-01-07,sddm-astronaut-theme,7,7
2026-01-07 02:23:58,2026-01-07,tyr,26,22
2026-01-07 02:23:58,2026-01-07,vanish,41,33
2026-01-07 02:23:58,2026-01-07,venus,6,6
2026-01-08 02:24:25,2026-01-08,Athena,5,5
2026-01-08 02:24:25,2026-01-08,eulix,21,16
2026-01-08 02:24:25,2026-01-08,Freya,9,8
2026-01-08 02:24:25,2026-01-08,Hecate,71,40
2026-01-08 02:24:25,2026-01-08,Hermes,7,6
2026-01-08 02:24:25,2026-01-08,Nurysso,187,84
2026-01-08 02:24:25,2026-01-08,prtofolio,13,8
2026-01-08 02:24:25,2026-01-08,sddm-astronaut-theme,6,6
2026-01-08 02:24:25,2026-01-08,tyr,24,20
2026-01-08 02:24:25,2026-01-08,vanish,48,39
2026-01-08 02:24:25,2026-01-08,venus,6,6
2026-01-09 02:24:48,2026-01-09,Athena,5,5
2026-01-09 02:24:48,2026-01-09,eulix,22,17
2026-01-09 02:24:48,2026-01-09,Freya,9,8
2026-01-09 02:24:48,2026-01-09,Hecate,71,39
2026-01-09 02:24:48,2026-01-09,Hermes,7,6
2026-01-09 02:24:48,2026-01-09,Nurysso,183,82
2026-01-09 02:24:48,2026-01-09,prtofolio,13,8
2026-01-09 02:24:48,2026-01-09,sddm-astronaut-theme,6,6
2026-01-09 02:24:48,2026-01-09,tyr,25,21
2026-01-09 02:24:48,2026-01-09,vanish,50,41
2026-01-09 02:24:48,2026-01-09,venus,6,6
2026-01-10 02:20:34,2026-01-10,Athena,5,5
2026-01-10 02:20:34,2026-01-10,eulix,22,17
2026-01-10 02:20:34,2026-01-10,Freya,14,12
2026-01-10 02:20:34,2026-01-10,Hecate,75,42
2026-01-10 02:20:34,2026-01-10,Hermes,8,7
2026-01-10 02:20:34,2026-01-10,Nurysso,181,83
2026-01-10 02:20:34,2026-01-10,prtofolio,15,10
2026-01-10 02:20:34,2026-01-10,sddm-astronaut-theme,6,6
2026-01-10 02:20:34,2026-01-10,tyr,25,21
2026-01-10 02:20:34,2026-01-10,vanish,49,41
2026-01-10 02:20:34,2026-01-10,venus,7,7
2026-01-11 02:35:43,2026-01-11,Athena,5,5
2026-01-11 02:35:43,2026-01-11,eulix,22,17
2026-01-11 02:35:43,2026-01-11,Freya,15,12
2026-01-11 02:35:43,2026-01-11,Hecate,69,40
2026-01-11 02:35:43,2026-01-11,Hermes,7,6
2026-01-11 02:35:43,2026-01-11,Nurysso,170,79
2026-01-11 02:35:43,2026-01-11,prtofolio,15,10
2026-01-11 02:35:43,2026-01-11,sddm-astronaut-theme,5,5
2026-01-11 02:35:43,2026-01-11,tyr,26,22
2026-01-11 02:35:43,2026-01-11,vanish,33,31
2026-01-11 02:35:43,2026-01-11,venus,6,6
2026-01-12 02:30:54,2026-01-12,Athena,4,4
2026-01-12 02:30:54,2026-01-12,eulix,22,17
2026-01-12 02:30:54,2026-01-12,Freya,15,12
2026-01-12 02:30:54,2026-01-12,Hecate,68,40
2026-01-12 02:30:54,2026-01-12,Hermes,7,6
2026-01-12 02:30:54,2026-01-12,Nurysso,156,75
2026-01-12 02:30:54,2026-01-12,prtofolio,16,11
2026-01-12 02:30:54,2026-01-12,sddm-astronaut-theme,4,4
2026-01-12 02:30:54,2026-01-12,tyr,23,20
2026-01-12 02:30:54,2026-01-12,vanish,26,25
2026-01-12 02:30:54,2026-01-12,venus,6,6
2026-01-13 02:22:18,2026-01-13,Athena,3,3
2026-01-13 02:22:18,2026-01-13,eulix,22,17
2026-01-13 02:22:18,2026-01-13,Freya,11,9
2026-01-13 02:22:18,2026-01-13,Hecate,68,39
2026-01-13 02:22:18,2026-01-13,Hermes,7,6
2026-01-13 02:22:18,2026-01-13,Nurysso,135,65
2026-01-13 02:22:18,2026-01-13,prtofolio,16,11
2026-01-13 02:22:18,2026-01-13,sddm-astronaut-theme,6,6
2026-01-13 02:22:18,2026-01-13,tyr,21,18
2026-01-13 02:22:18,2026-01-13,vanish,26,25
2026-01-13 02:22:18,2026-01-13,venus,5,5
2026-01-14 02:29:44,2026-01-14,Athena,2,2
2026-01-14 02:29:44,2026-01-14,eulix,21,16
2026-01-14 02:29:44,2026-01-14,Freya,11,9
2026-01-14 02:29:44,2026-01-14,Hecate,70,39
2026-01-14 02:29:44,2026-01-14,Hermes,4,4
2026-01-14 02:29:44,2026-01-14,Nurysso,120,60
2026-01-14 02:29:44,2026-01-14,prtofolio,9,8
2026-01-14 02:29:44,2026-01-14,sddm-astronaut-theme,6,6
2026-01-14 02:29:44,2026-01-14,tyr,17,15
2026-01-14 02:29:44,2026-01-14,vanish,25,24
2026-01-14 02:29:44,2026-01-14,venus,3,3
2026-01-15 02:23:48,2026-01-15,Athena,2,2
2026-01-15 02:23:48,2026-01-15,eulix,12,9
2026-01-15 02:23:48,2026-01-15,Freya,13,10
2026-01-15 02:23:48,2026-01-15,Hecate,62,35
2026-01-15 02:23:48,2026-01-15,Hermes,4,4
2026-01-15 02:23:48,2026-01-15,Nurysso,103,54
2026-01-15 02:23:48,2026-01-15,prtofolio,9,8
2026-01-15 02:23:48,2026-01-15,sddm-astronaut-theme,6,6
2026-01-15 02:23:48,2026-01-15,tyr,12,11
2026-01-15 02:23:48,2026-01-15,vanish,22,22
2026-01-15 02:23:48,2026-01-15,venus,3,3
2026-01-16 02:25:33,2026-01-16,Athena,2,2
2026-01-16 02:25:33,2026-01-16,eulix,9,8
2026-01-16 02:25:33,2026-01-16,Freya,14,10
2026-01-16 02:25:33,2026-01-16,Hecate,65,37
2026-01-16 02:25:33,2026-01-16,Hermes,4,4
2026-01-16 02:25:33,2026-01-16,Nurysso,90,47
2026-01-16 02:25:33,2026-01-16,prtofolio,9,8
2026-01-16 02:25:33,2026-01-16,sddm-astronaut-theme,5,5
2026-01-16 02:25:33,2026-01-16,tyr,12,11
2026-01-16 02:25:33,2026-01-16,vanish,24,24
2026-01-16 02:25:33,2026-01-16,venus,3,3
2026-01-17 02:18:42,2026-01-17,Athena,2,2
2026-01-17 02:18:42,2026-01-17,eulix,8,7
2026-01-17 02:18:42,2026-01-17,Freya,14,10
2026-01-17 02:18:42,2026-01-17,Hecate,63,34
2026-01-17 02:18:42,2026-01-17,Hermes,4,4
2026-01-17 02:18:42,2026-01-17,Nurysso,77,40
2026-01-17 02:18:42,2026-01-17,prtofolio,7,7
2026-01-17 02:18:42,2026-01-17,sddm-astronaut-theme,4,4
2026-01-17 02:18:42,2026-01-17,tyr,13,12
2026-01-17 02:18:42,2026-01-17,vanish,23,23
2026-01-17 02:18:42,2026-01-17,venus,3,3
2026-01-18 02:33:51,2026-01-18,Athena,3,3
2026-01-18 02:33:51,2026-01-18,eulix,7,6
2026-01-18 02:33:51,2026-01-18,Freya,15,11
2026-01-18 02:33:51,2026-01-18,Hecate,68,33
2026-01-18 02:33:51,2026-01-18,Hermes,4,4
2026-01-18 02:33:51,2026-01-18,Nurysso,67,35
2026-01-18 02:33:51,2026-01-18,prtofolio,7,7
2026-01-18 02:33:51,2026-01-18,sddm-astronaut-theme,4,4
2026-01-18 02:33:51,2026-01-18,tyr,14,13
2026-01-18 02:33:51,2026-01-18,vanish,22,22
2026-01-18 02:33:51,2026-01-18,venus,3,3
2026-01-19 02:31:24,2026-01-19,Athena,3,3
2026-01-19 02:31:24,2026-01-19,eulix,3,3
2026-01-19 02:31:24,2026-01-19,Freya,14,10
2026-01-19 02:31:24,2026-01-19,Hecate,67,32
2026-01-19 02:31:24,2026-01-19,Hermes,3,3
2026-01-19 02:31:24,2026-01-19,Nurysso,56,30
2026-01-19 02:31:24,2026-01-19,prtofolio,7,7
2026-01-19 02:31:24,2026-01-19,sddm-astronaut-theme,3,3
2026-01-19 02:31:24,2026-01-19,tyr,14,14
2026-01-19 02:31:24,2026-01-19,vanish,22,22
2026-01-19 02:31:24,2026-01-19,venus,3,3
2026-01-20 02:26:12,2026-01-20,Athena,3,3
2026-01-20 02:26:12,2026-01-20,eulix,4,4
2026-01-20 02:26:12,2026-01-20,Freya,14,10
2026-01-20 02:26:12,2026-01-20,Hecate,62,32
2026-01-20 02:26:12,2026-01-20,Hermes,4,4
2026-01-20 02:26:12,2026-01-20,Nurysso,46,25
2026-01-20 02:26:12,2026-01-20,prtofolio,8,8
2026-01-20 02:26:12,2026-01-20,sddm-astronaut-theme,5,5
2026-01-20 02:26:12,2026-01-20,tyr,16,16
2026-01-20 02:26:12,2026-01-20,vanish,21,20
2026-01-20 02:26:12,2026-01-20,venus,4,4
2026-01-21 02:28:36,2026-01-21,Athena,3,3
2026-01-21 02:28:36,2026-01-21,eulix,3,3
2026-01-21 02:28:36,2026-01-21,Freya,14,10
2026-01-21 02:28:36,2026-01-21,Hecate,62,32
2026-01-21 02:28:36,2026-01-21,Hermes,3,3
2026-01-21 02:28:36,2026-01-21,Nurysso,37,22
2026-01-21 02:28:36,2026-01-21,prtofolio,6,6
2026-01-21 02:28:36,2026-01-21,sddm-astronaut-theme,5,5
2026-01-21 02:28:36,2026-01-21,tyr,16,16
2026-01-21 02:28:36,2026-01-21,vanish,21,20
2026-01-21 02:28:36,2026-01-21,venus,4,4
2026-01-22 02:30:01,2026-01-22,Athena,3,3
2026-01-22 02:30:01,2026-01-22,eulix,6,6
2026-01-22 02:30:01,2026-01-22,Freya,14,10
2026-01-22 02:30:01,2026-01-22,Hecate,64,31
2026-01-22 02:30:01,2026-01-22,Hermes,4,4
2026-01-22 02:30:01,2026-01-22,Nurysso,11,10
2026-01-22 02:30:01,2026-01-22,prtofolio,8,8
2026-01-22 02:30:01,2026-01-22,sddm-astronaut-theme,6,6
2026-01-22 02:30:01,2026-01-22,tyr,18,18
2026-01-22 02:30:01,2026-01-22,vanish,17,16
2026-01-22 02:30:01,2026-01-22,venus,5,5
2026-01-23 02:26:04,2026-01-23,Athena,3,3
2026-01-23 02:26:04,2026-01-23,eulix,5,5
2026-01-23 02:26:04,2026-01-23,Freya,14,10
2026-01-23 02:26:04,2026-01-23,Hecate,62,30
2026-01-23 02:26:04,2026-01-23,Hermes,4,4
2026-01-23 02:26:04,2026-01-23,Nurysso,12,11
2026-01-23 02:26:04,2026-01-23,prtofolio,8,8
2026-01-23 02:26:04,2026-01-23,sddm-astronaut-theme,6,6
2026-01-23 02:26:04,2026-01-23,tyr,19,19
2026-01-23 02:26:04,2026-01-23,vanish,17,16
2026-01-23 02:26:04,2026-01-23,venus,4,4
2026-01-24 02:21:31,2026-01-24,Athena,3,3
2026-01-24 02:21:31,2026-01-24,eulix,5,5
2026-01-24 02:21:31,2026-01-24,Freya,9,7
2026-01-24 02:21:31,2026-01-24,Hecate,56,29
2026-01-24 02:21:31,2026-01-24,Hermes,3,3
2026-01-24 02:21:31,2026-01-24,Nurysso,12,10
2026-01-24 02:21:31,2026-01-24,prtofolio,6,6
2026-01-24 02:21:31,2026-01-24,sddm-astronaut-theme,7,7
2026-01-24 02:21:31,2026-01-24,tyr,19,19
2026-01-24 02:21:31,2026-01-24,vanish,19,18
2026-01-24 02:21:31,2026-01-24,venus,3,3
2026-01-25 02:38:27,2026-01-25,Athena,3,3
2026-01-25 02:38:27,2026-01-25,eulix,5,5
2026-01-25 02:38:27,2026-01-25,Freya,8,6
2026-01-25 02:38:27,2026-01-25,Hecate,51,29
2026-01-25 02:38:27,2026-01-25,Hermes,3,3
2026-01-25 02:38:27,2026-01-25,Nurysso,11,7
2026-01-25 02:38:27,2026-01-25,prtofolio,7,7
2026-01-25 02:38:27,2026-01-25,sddm-astronaut-theme,7,7
2026-01-25 02:38:27,2026-01-25,tyr,21,20
2026-01-25 02:38:27,2026-01-25,vanish,44,32
2026-01-25 02:38:27,2026-01-25,venus,3,3
2026-01-26 02:37:12,2026-01-26,Athena,3,3
2026-01-26 02:37:12,2026-01-26,eulix,5,5
2026-01-26 02:37:12,2026-01-26,Freya,8,6
2026-01-26 02:37:12,2026-01-26,Hecate,51,29
2026-01-26 02:37:12,2026-01-26,Hermes,3,3
2026-01-26 02:37:12,2026-01-26,Nurysso,11,7
2026-01-26 02:37:12,2026-01-26,prtofolio,6,6
2026-01-26 02:37:12,2026-01-26,sddm-astronaut-theme,8,8
2026-01-26 02:37:12,2026-01-26,tyr,23,22
2026-01-26 02:37:12,2026-01-26,vanish,45,33
2026-01-26 02:37:12,2026-01-26,venus,4,4
2026-01-27 02:32:11,2026-01-27,Athena,3,3
2026-01-27 02:32:11,2026-01-27,eulix,6,6
2026-01-27 02:32:11,2026-01-27,Freya,10,8
2026-01-27 02:32:11,2026-01-27,Hecate,43,25
2026-01-27 02:32:11,2026-01-27,Hermes,4,4
2026-01-27 02:32:11,2026-01-27,Nurysso,13,10
2026-01-27 02:32:11,2026-01-27,prtofolio,7,7
2026-01-27 02:32:11,2026-01-27,sddm-astronaut-theme,7,7
2026-01-27 02:32:11,2026-01-27,tyr,30,27
2026-01-27 02:32:11,2026-01-27,vanish,47,36
2026-01-27 02:32:11,2026-01-27,venus,4,4
2026-01-28 02:28:34,2026-01-28,Athena,3,3
2026-01-28 02:28:34,2026-01-28,eulix,7,7
2026-01-28 02:28:34,2026-01-28,Freya,10,8
2026-01-28 02:28:34,2026-01-28,Hecate,43,25
2026-01-28 02:28:34,2026-01-28,Hermes,6,6
2026-01-28 02:28:34,2026-01-28,Nurysso,14,11
2026-01-28 02:28:34,2026-01-28,prtofolio,10,10
2026-01-28 02:28:34,2026-01-28,sddm-astronaut-theme,9,9
2026-01-28 02:28:34,2026-01-28,tyr,32,29
2026-01-28 02:28:34,2026-01-28,vanish,48,37
2026-01-28 02:28:34,2026-01-28,venus,6,6
2026-01-29 02:46:35,2026-01-29,Athena,3,3
2026-01-29 02:46:35,2026-01-29,eulix,9,9
2026-01-29 02:46:35,2026-01-29,Freya,8,7
2026-01-29 02:46:35,2026-01-29,Hecate,46,28
2026-01-29 02:46:35,2026-01-29,Hermes,7,7
2026-01-29 02:46:35,2026-01-29,Nurysso,14,11
2026-01-29 02:46:35,2026-01-29,prtofolio,11,11
2026-01-29 02:46:35,2026-01-29,sddm-astronaut-theme,9,9
2026-01-29 02:46:35,2026-01-29,tyr,34,31
2026-01-29 02:46:35,2026-01-29,vanish,50,39
2026-01-29 02:46:35,2026-01-29,venus,6,6
2026-01-30 02:47:22,2026-01-30,Athena,3,3
2026-01-30 02:47:22,2026-01-30,eulix,10,9
2026-01-30 02:47:22,2026-01-30,Freya,6,6
2026-01-30 02:47:22,2026-01-30,Hecate,42,29
2026-01-30 02:47:22,2026-01-30,Hermes,7,7
2026-01-30 02:47:22,2026-01-30,Nurysso,15,12
2026-01-30 02:47:22,2026-01-30,prtofolio,11,11
2026-01-30 02:47:22,2026-01-30,sddm-astronaut-theme,10,10
2026-01-30 02:47:22,2026-01-30,tyr,34,31
2026-01-30 02:47:22,2026-01-30,vanish,52,41
2026-01-30 02:47:22,2026-01-30,venus,8,8
2026-01-31 02:42:34,2026-01-31,Athena,3,3
2026-01-31 02:42:34,2026-01-31,eulix,10,9
2026-01-31 02:42:34,2026-01-31,Freya,6,6
2026-01-31 02:42:34,2026-01-31,Hecate,39,27
2026-01-31 02:42:34,2026-01-31,Hermes,8,8
2026-01-31 02:42:34,2026-01-31,Nurysso,17,14
2026-01-31 02:42:34,2026-01-31,prtofolio,12,12
2026-01-31 02:42:34,2026-01-31,sddm-astronaut-theme,12,11
2026-01-31 02:42:34,2026-01-31,tyr,32,29
2026-01-31 02:42:34,2026-01-31,vanish,55,41
2026-01-31 02:42:34,2026-01-31,venus,8,8
2026-02-01 03:24:45,2026-02-01,Athena,2,2
2026-02-01 03:24:45,2026-02-01,eulix,11,10
2026-02-01 03:24:45,2026-02-01,Freya,7,7
2026-02-01 03:24:45,2026-02-01,Hecate,34,29
2026-02-01 03:24:45,2026-02-01,Hermes,9,9
2026-02-01 03:24:45,2026-02-01,Nurysso,17,14
2026-02-01 03:24:45,2026-02-01,prtofolio,12,12
2026-02-01 03:24:45,2026-02-01,sddm-astronaut-theme,13,12
2026-02-01 03:24:45,2026-02-01,tyr,32,29
2026-02-01 03:24:45,2026-02-01,vanish,57,43
2026-02-01 03:24:45,2026-02-01,venus,8,8
2026-02-02 03:14:14,2026-02-02,Athena,2,2
2026-02-02 03:14:14,2026-02-02,eulix,12,11
2026-02-02 03:14:14,2026-02-02,Freya,7,7
2026-02-02 03:14:14,2026-02-02,Hecate,34,29
2026-02-02 03:14:14,2026-02-02,Hermes,10,10
2026-02-02 03:14:14,2026-02-02,Nurysso,16,13
2026-02-02 03:14:14,2026-02-02,prtofolio,12,12
2026-02-02 03:14:14,2026-02-02,sddm-astronaut-theme,13,12
2026-02-02 03:14:14,2026-02-02,tyr,31,28
2026-02-02 03:14:14,2026-02-02,vanish,63,50
2026-02-02 03:14:14,2026-02-02,venus,8,8
2026-02-03 02:52:30,2026-02-03,Athena,1,1
2026-02-03 02:52:30,2026-02-03,eulix,10,9
2026-02-03 02:52:30,2026-02-03,Freya,6,6
2026-02-03 02:52:30,2026-02-03,Hecate,33,29
2026-02-03 02:52:30,2026-02-03,Hermes,9,9
2026-02-03 02:52:30,2026-02-03,Nurysso,13,10
2026-02-03 02:52:30,2026-02-03,prtofolio,11,11
2026-02-03 02:52:30,2026-02-03,sddm-astronaut-theme,11,11
2026-02-03 02:52:30,2026-02-03,tyr,29,26
2026-02-03 02:52:30,2026-02-03,vanish,63,50
2026-02-03 02:52:30,2026-02-03,venus,7,7
2026-02-04 02:48:12,2026-02-04,Athena,1,1
2026-02-04 02:48:12,2026-02-04,eulix,12,11
2026-02-04 02:48:12,2026-02-04,Freya,7,7
2026-02-04 02:48:12,2026-02-04,Hecate,31,29
2026-02-04 02:48:12,2026-02-04,Hermes,9,9
2026-02-04 02:48:12,2026-02-04,Nurysso,13,10
2026-02-04 02:48:12,2026-02-04,prtofolio,11,11
2026-02-04 02:48:12,2026-02-04,sddm-astronaut-theme,11,11
2026-02-04 02:48:12,2026-02-04,tyr,28,25
2026-02-04 02:48:12,2026-02-04,vanish,64,51
2026-02-04 02:48:12,2026-02-04,venus,7,7
2026-02-05 02:50:01,2026-02-05,Athena,1,1
2026-02-05 02:50:01,2026-02-05,eulix,9,8
2026-02-05 02:50:01,2026-02-05,Freya,8,8
2026-02-05 02:50:01,2026-02-05,Hecate,22,22
2026-02-05 02:50:01,2026-02-05,Hermes,8,8
2026-02-05 02:50:01,2026-02-05,Nurysso,13,10
2026-02-05 02:50:01,2026-02-05,prtofolio,10,10
2026-02-05 02:50:01,2026-02-05,sddm-astronaut-theme,10,10
2026-02-05 02:50:01,2026-02-05,tyr,26,23
2026-02-05 02:50:01,2026-02-05,vanish,61,48
2026-02-05 02:50:01,2026-02-05,venus,5,5
2026-02-06 02:50:21,2026-02-06,Athena,1,1
2026-02-06 02:50:21,2026-02-06,eulix,9,8
2026-02-06 02:50:21,2026-02-06,Freya,9,9
2026-02-06 02:50:21,2026-02-06,Hecate,23,23
2026-02-06 02:50:21,2026-02-06,Hermes,8,8
2026-02-06 02:50:21,2026-02-06,Nurysso,12,9
2026-02-06 02:50:21,2026-02-06,prtofolio,9,9
2026-02-06 02:50:21,2026-02-06,sddm-astronaut-theme,10,10
2026-02-06 02:50:21,2026-02-06,tyr,25,22
2026-02-06 02:50:21,2026-02-06,vanish,60,47
2026-02-06 02:50:21,2026-02-06,venus,5,5
2026-02-07 02:45:55,2026-02-07,Athena,1,1
2026-02-07 02:45:55,2026-02-07,eulix,9,8
2026-02-07 02:45:55,2026-02-07,Freya,11,11
2026-02-07 02:45:55,2026-02-07,Hecate,27,26
2026-02-07 02:45:55,2026-02-07,Hermes,8,8
2026-02-07 02:45:55,2026-02-07,Nurysso,11,10
2026-02-07 02:45:55,2026-02-07,prtofolio,24,22
2026-02-07 02:45:55,2026-02-07,sddm-astronaut-theme,9,9
2026-02-07 02:45:55,2026-02-07,tyr,26,23
2026-02-07 02:45:55,2026-02-07,vanish,59,46
2026-02-07 02:45:55,2026-02-07,venus,7,7
2026-02-08 03:29:40,2026-02-08,Athena,2,2
2026-02-08 03:29:40,2026-02-08,eulix,14,13
2026-02-08 03:29:40,2026-02-08,Freya,24,23
2026-02-08 03:29:40,2026-02-08,Hecate,32,31
2026-02-08 03:29:40,2026-02-08,Hermes,13,13
2026-02-08 03:29:40,2026-02-08,Nurysso,11,11
2026-02-08 03:29:40,2026-02-08,prtofolio,30,28
2026-02-08 03:29:40,2026-02-08,sddm-astronaut-theme,11,11
2026-02-08 03:29:40,2026-02-08,tyr,25,23
2026-02-08 03:29:40,2026-02-08,vanish,33,31
2026-02-08 03:29:40,2026-02-08,venus,7,7
2026-02-09 03:15:02,2026-02-09,Athena,3,3
2026-02-09 03:15:02,2026-02-09,eulix,15,14
2026-02-09 03:15:02,2026-02-09,Freya,30,28
2026-02-09 03:15:02,2026-02-09,Hecate,43,40
2026-02-09 03:15:02,2026-02-09,Hermes,17,17
2026-02-09 03:15:02,2026-02-09,Nurysso,11,11
2026-02-09 03:15:02,2026-02-09,prtofolio,32,30
2026-02-09 03:15:02,2026-02-09,sddm-astronaut-theme,17,17
2026-02-09 03:15:02,2026-02-09,tyr,30,28
2026-02-09 03:15:02,2026-02-09,vanish,35,33
2026-02-09 03:15:02,2026-02-09,venus,8,8
2026-02-10 03:22:59,2026-02-10,Athena,3,3
2026-02-10 03:22:59,2026-02-10,eulix,20,19
2026-02-10 03:22:59,2026-02-10,Freya,30,28
2026-02-10 03:22:59,2026-02-10,Hecate,46,43
2026-02-10 03:22:59,2026-02-10,Hermes,19,19
2026-02-10 03:22:59,2026-02-10,Nurysso,9,9
2026-02-10 03:22:59,2026-02-10,prtofolio,36,34
2026-02-10 03:22:59,2026-02-10,sddm-astronaut-theme,16,16
2026-02-10 03:22:59,2026-02-10,tyr,26,26
2026-02-10 03:22:59,2026-02-10,vanish,35,33
2026-02-10 03:22:59,2026-02-10,venus,10,10
2026-02-11 03:20:30,2026-02-11,Athena,3,3
2026-02-11 03:20:30,2026-02-11,eulix,19,18
2026-02-11 03:20:30,2026-02-11,Freya,28,26
2026-02-11 03:20:30,2026-02-11,Hecate,44,41
2026-02-11 03:20:30,2026-02-11,Hermes,17,17
2026-02-11 03:20:30,2026-02-11,Nurysso,8,8
2026-02-11 03:20:30,2026-02-11,prtofolio,34,32
2026-02-11 03:20:30,2026-02-11,sddm-astronaut-theme,14,14
2026-02-11 03:20:30,2026-02-11,tyr,24,24
2026-02-11 03:20:30,2026-02-11,vanish,33,31
2026-02-11 03:20:30,2026-02-11,venus,8,8
2026-02-12 03:16:11,2026-02-12,Athena,4,4
2026-02-12 03:16:11,2026-02-12,eulix,18,18
2026-02-12 03:16:11,2026-02-12,Freya,30,28
2026-02-12 03:16:11,2026-02-12,Hecate,44,41
2026-02-12 03:16:11,2026-02-12,Hermes,19,19
2026-02-12 03:16:11,2026-02-12,Nurysso,10,10
2026-02-12 03:16:11,2026-02-12,prtofolio,34,32
2026-02-12 03:16:11,2026-02-12,sddm-astronaut-theme,14,14
2026-02-12 03:16:11,2026-02-12,tyr,23,23
2026-02-12 03:16:11,2026-02-12,vanish,32,31
2026-02-12 03:16:11,2026-02-12,venus,9,9
2026-02-13 03:16:16,2026-02-13,Athena,4,4
2026-02-13 03:16:16,2026-02-13,eulix,46,32
2026-02-13 03:16:16,2026-02-13,Freya,31,29
2026-02-13 03:16:16,2026-02-13,Hecate,44,40
2026-02-13 03:16:16,2026-02-13,Hermes,19,19
2026-02-13 03:16:16,2026-02-13,Nurysso,10,10
2026-02-13 03:16:16,2026-02-13,prtofolio,34,32
2026-02-13 03:16:16,2026-02-13,sddm-astronaut-theme,13,13
2026-02-13 03:16:16,2026-02-13,tyr,22,22
2026-02-13 03:16:16,2026-02-13,vanish,27,27
2026-02-13 03:16:16,2026-02-13,venus,7,7
