timestamp,repo_name,stars,forks,watchers,is_private,language
2025-12-08 10:30:14,archinstall,0,0,0,False,N/A
2025-12-08 10:30:14,Athena,1,0,1,False,N/A
2025-12-08 10:30:14,eulix,3,0,3,False,Rust
2025-12-08 10:30:14,Freya,2,0,2,False,N/A
2025-12-08 10:30:14,gin,0,0,0,False,N/A
2025-12-08 10:30:14,github-stats,0,0,0,False,Python
2025-12-08 10:30:14,Hecate,102,1,102,False,Shell
2025-12-08 10:30:14,Hermes,0,0,0,False,N/A
2025-12-08 10:30:14,hydra,0,0,0,False,N/A
2025-12-08 10:30:14,kondo,4,1,4,False,Rust
2025-12-08 10:30:14,Memori,0,0,0,False,N/A
2025-12-08 10:30:14,Nurysso,1,0,1,False,Python
2025-12-08 10:30:14,pebble,0,0,0,False,N/A
2025-12-08 10:30:14,prtofolio,1,0,1,False,TypeScript
2025-12-08 10:30:14,sddm-astronaut-theme,2,0,2,False,QML
2025-12-08 10:30:14,vanish,4,0,4,False,Go
2025-12-08 10:30:14,venus,2,0,2,False,CSS
2025-12-08 14:33:24,archinstall,0,0,0,False,N/A
2025-12-08 14:33:24,Athena,1,0,1,False,N/A
2025-12-08 14:33:24,eulix,3,0,3,False,Rust
2025-12-08 14:33:24,Freya,2,0,2,False,N/A
2025-12-08 14:33:24,gin,0,0,0,False,N/A
2025-12-08 14:33:24,github-stats,0,0,0,False,Python
2025-12-08 14:33:24,Hecate,102,1,102,False,Shell
2025-12-08 14:33:24,Hermes,0,0,0,False,N/A
2025-12-08 14:33:24,hydra,0,0,0,False,N/A
2025-12-08 14:33:24,kondo,4,1,4,False,Rust
2025-12-08 14:33:24,Memori,0,0,0,False,N/A
2025-12-08 14:33:24,Nurysso,1,0,1,False,Python
2025-12-08 14:33:24,pebble,0,0,0,False,N/A
2025-12-08 14:33:24,prtofolio,1,0,1,False,TypeScript
2025-12-08 14:33:24,sddm-astronaut-theme,2,0,2,False,QML
2025-12-08 14:33:24,vanish,4,0,4,False,Go
2025-12-08 14:33:24,venus,2,0,2,False,CSS
2025-12-09 00:48:19,archinstall,0,0,0,False,N/A
2025-12-09 00:48:19,Athena,1,0,1,False,N/A
2025-12-09 00:48:19,eulix,3,0,3,False,Rust
2025-12-09 00:48:19,Freya,2,0,2,False,N/A
2025-12-09 00:48:19,gin,0,0,0,False,N/A
2025-12-09 00:48:19,github-stats,0,0,0,False,Python
2025-12-09 00:48:19,Hecate,102,1,102,False,Shell
2025-12-09 00:48:19,Hermes,0,0,0,False,N/A
2025-12-09 00:48:19,hydra,0,0,0,False,N/A
2025-12-09 00:48:19,Memori,0,0,0,False,N/A
2025-12-09 00:48:19,Nurysso,1,0,1,False,Python
2025-12-09 00:48:19,pebble,0,0,0,False,N/A
2025-12-09 00:48:19,prtofolio,1,0,1,False,TypeScript
2025-12-09 00:48:19,sddm-astronaut-theme,2,0,2,False,QML
2025-12-09 00:48:19,tyr,5,1,5,False,Rust
2025-12-09 00:48:19,vanish,4,0,4,False,Go
2025-12-09 00:48:19,venus,2,0,2,False,CSS
2025-12-10 00:50:35,archinstall,0,0,0,False,N/A
2025-12-10 00:50:35,Athena,1,0,1,False,N/A
2025-12-10 00:50:35,eulix,3,0,3,False,Rust
2025-12-10 00:50:35,Freya,2,0,2,False,N/A
2025-12-10 00:50:35,gin,0,0,0,False,N/A
2025-12-10 00:50:35,github-stats,0,0,0,False,Python
2025-12-10 00:50:35,Hecate,102,1,102,False,Shell
2025-12-10 00:50:35,Hermes,0,0,0,False,N/A
2025-12-10 00:50:35,hydra,0,0,0,False,N/A
2025-12-10 00:50:35,Memori,0,0,0,False,N/A
2025-12-10 00:50:35,Nurysso,1,0,1,False,Python
2025-12-10 00:50:35,pebble,0,0,0,False,Go
2025-12-10 00:50:35,prtofolio,1,0,1,False,TypeScript
2025-12-10 00:50:35,sddm-astronaut-theme,2,0,2,False,QML
2025-12-10 00:50:35,snapd,0,0,0,False,N/A
2025-12-10 00:50:35,tyr,6,1,6,False,Rust
2025-12-10 00:50:35,vanish,6,0,6,False,Go
2025-12-10 00:50:35,venus,2,0,2,False,CSS
2025-12-11 00:51:07,archinstall,0,0,0,False,N/A
2025-12-11 00:51:07,Athena,1,0,1,False,N/A
2025-12-11 00:51:07,eulix,3,0,3,False,Rust
2025-12-11 00:51:07,Freya,2,0,2,False,N/A
2025-12-11 00:51:07,gin,0,0,0,False,N/A
2025-12-11 00:51:07,github-stats,0,0,0,False,Python
2025-12-11 00:51:07,Hecate,102,1,102,False,Shell
2025-12-11 00:51:07,Hermes,0,0,0,False,N/A
2025-12-11 00:51:07,hydra,0,0,0,False,N/A
2025-12-11 00:51:07,Memori,0,0,0,False,N/A
2025-12-11 00:51:07,Nurysso,1,0,1,False,Python
2025-12-11 00:51:07,pebble,0,0,0,False,Go
2025-12-11 00:51:07,prtofolio,1,0,1,False,TypeScript
2025-12-11 00:51:07,sddm-astronaut-theme,2,0,2,False,QML
2025-12-11 00:51:07,snapd,0,0,0,False,N/A
2025-12-11 00:51:07,tyr,6,1,6,False,Rust
2025-12-11 00:51:07,vanish,6,0,6,False,Go
2025-12-11 00:51:07,venus,2,0,2,False,CSS
2025-12-12 00:49:50,archinstall,0,0,0,False,N/A
2025-12-12 00:49:50,Athena,1,0,1,False,N/A
2025-12-12 00:49:50,eulix,3,0,3,False,Rust
2025-12-12 00:49:50,Freya,2,0,2,False,N/A
2025-12-12 00:49:50,gin,0,0,0,False,N/A
2025-12-12 00:49:50,github-stats,0,0,0,False,Python
2025-12-12 00:49:50,Hecate,102,1,102,False,Shell
2025-12-12 00:49:50,Hermes,0,0,0,False,N/A
2025-12-12 00:49:50,hydra,0,0,0,False,N/A
2025-12-12 00:49:50,Memori,0,0,0,False,N/A
2025-12-12 00:49:50,Nurysso,1,0,1,False,Python
2025-12-12 00:49:50,pebble,0,0,0,False,Go
2025-12-12 00:49:50,prtofolio,1,0,1,False,TypeScript
2025-12-12 00:49:50,sddm-astronaut-theme,2,0,2,False,QML
2025-12-12 00:49:50,snapd,0,0,0,False,N/A
2025-12-12 00:49:50,tyr,6,1,6,False,Rust
2025-12-12 00:49:50,vanish,7,0,7,False,Go
2025-12-12 00:49:50,venus,2,0,2,False,CSS
2025-12-13 00:46:14,Athena,1,0,1,False,N/A
2025-12-13 00:46:14,eulix,3,0,3,False,Rust
2025-12-13 00:46:14,Freya,2,0,2,False,N/A
2025-12-13 00:46:14,gin,0,0,0,False,Go
2025-12-13 00:46:14,github-stats,0,0,0,False,Python
2025-12-13 00:46:14,Hecate,102,1,102,False,Shell
2025-12-13 00:46:14,Hermes,0,0,0,False,N/A
2025-12-13 00:46:14,Nurysso,1,0,1,False,Python
2025-12-13 00:46:14,pebble,0,0,0,False,Go
2025-12-13 00:46:14,prtofolio,1,0,1,False,TypeScript
2025-12-13 00:46:14,sddm-astronaut-theme,2,0,2,False,QML
2025-12-13 00:46:14,snapd,0,0,0,False,N/A
2025-12-13 00:46:14,tyr,6,1,6,False,Rust
2025-12-13 00:46:14,vanish,7,0,7,False,Go
2025-12-13 00:46:14,venus,2,0,2,False,CSS
2025-12-14 00:54:31,Athena,1,0,1,False,N/A
2025-12-14 00:54:31,eulix,3,0,3,False,Rust
2025-12-14 00:54:31,Freya,2,0,2,False,N/A
2025-12-14 00:54:31,gin,0,0,0,False,Go
2025-12-14 00:54:31,github-stats,0,0,0,False,Python
2025-12-14 00:54:31,Hecate,101,1,101,False,Shell
2025-12-14 00:54:31,Hermes,0,0,0,False,N/A
2025-12-14 00:54:31,Nurysso,1,0,1,False,Python
2025-12-14 00:54:31,pebble,0,0,0,False,Go
2025-12-14 00:54:31,prtofolio,1,0,1,False,TypeScript
2025-12-14 00:54:31,sddm-astronaut-theme,2,0,2,False,QML
2025-12-14 00:54:31,snapd,0,0,0,False,N/A
2025-12-14 00:54:31,tyr,6,1,6,False,Rust
2025-12-14 00:54:31,vanish,7,0,7,False,Go
2025-12-14 00:54:31,venus,2,0,2,False,CSS
2025-12-15 00:52:58,Athena,1,0,1,False,N/A
2025-12-15 00:52:58,eulix,3,0,3,False,Rust
2025-12-15 00:52:58,Freya,2,0,2,False,N/A
2025-12-15 00:52:58,gin,0,0,0,False,Go
2025-12-15 00:52:58,github-stats,0,0,0,False,Python
2025-12-15 00:52:58,Hecate,101,1,101,False,Shell
2025-12-15 00:52:58,Hermes,0,0,0,False,N/A
2025-12-15 00:52:58,Nurysso,1,0,1,False,Python
2025-12-15 00:52:58,pebble,0,0,0,False,Go
2025-12-15 00:52:58,prtofolio,1,0,1,False,TypeScript
2025-12-15 00:52:58,sddm-astronaut-theme,2,0,2,False,QML
2025-12-15 00:52:58,snapd,0,0,0,False,N/A
2025-12-15 00:52:58,tyr,6,1,6,False,Rust
2025-12-15 00:52:58,vanish,7,0,7,False,Go
2025-12-15 00:52:58,venus,2,0,2,False,CSS
2025-12-16 00:51:00,Athena,1,0,1,False,N/A
2025-12-16 00:51:00,eulix,3,0,3,False,Rust
2025-12-16 00:51:00,Freya,2,0,2,False,N/A
2025-12-16 00:51:00,gin,0,0,0,False,Go
2025-12-16 00:51:00,github-stats,0,0,0,False,Python
2025-12-16 00:51:00,Hecate,101,1,101,False,Shell
2025-12-16 00:51:00,Hermes,0,0,0,False,N/A
2025-12-16 00:51:00,Nurysso,1,0,1,False,Python
2025-12-16 00:51:00,pebble,0,0,0,False,Go
2025-12-16 00:51:00,prtofolio,1,0,1,False,TypeScript
2025-12-16 00:51:00,sddm-astronaut-theme,2,0,2,False,QML
2025-12-16 00:51:00,snapd,0,0,0,False,N/A
2025-12-16 00:51:00,tyr,7,1,7,False,Rust
2025-12-16 00:51:00,vanish,8,0,8,False,Go
2025-12-16 00:51:00,venus,2,0,2,False,CSS
2025-12-17 00:45:38,Athena,1,0,1,False,N/A
2025-12-17 00:45:38,eulix,3,0,3,False,Rust
2025-12-17 00:45:38,Freya,2,0,2,False,N/A
2025-12-17 00:45:38,gin,0,0,0,False,Go
2025-12-17 00:45:38,github-stats,0,0,0,False,Python
2025-12-17 00:45:38,Hecate,101,1,101,False,Shell
2025-12-17 00:45:38,Hermes,0,0,0,False,N/A
2025-12-17 00:45:38,Nurysso,1,0,1,False,Python
2025-12-17 00:45:38,pebble,0,0,0,False,Go
2025-12-17 00:45:38,prtofolio,1,0,1,False,TypeScript
2025-12-17 00:45:38,sddm-astronaut-theme,2,0,2,False,QML
2025-12-17 00:45:38,snapd,0,0,0,False,N/A
2025-12-17 00:45:38,tyr,7,1,7,False,Rust
2025-12-17 00:45:38,vanish,8,0,8,False,Go
2025-12-17 00:45:38,venus,2,0,2,False,CSS
2025-12-18 00:45:36,Athena,1,0,1,False,N/A
2025-12-18 00:45:36,eulix,3,0,3,False,Rust
2025-12-18 00:45:36,Freya,2,0,2,False,N/A
2025-12-18 00:45:36,gin,0,0,0,False,Go
2025-12-18 00:45:36,github-stats,0,0,0,False,Python
2025-12-18 00:45:36,Hecate,101,1,101,False,Shell
2025-12-18 00:45:36,Hermes,0,0,0,False,N/A
2025-12-18 00:45:36,Nurysso,1,0,1,False,Python
2025-12-18 00:45:36,pebble,0,0,0,False,Go
2025-12-18 00:45:36,prtofolio,1,0,1,False,TypeScript
2025-12-18 00:45:36,sddm-astronaut-theme,2,0,2,False,QML
2025-12-18 00:45:36,snapd,0,0,0,False,N/A
2025-12-18 00:45:36,tyr,7,1,7,False,Rust
2025-12-18 00:45:36,vanish,8,0,8,False,Go
2025-12-18 00:45:36,venus,2,0,2,False,CSS
2025-12-19 00:50:36,Athena,1,0,1,False,N/A
2025-12-19 00:50:36,eulix,3,0,3,False,Rust
2025-12-19 00:50:36,Freya,2,0,2,False,N/A
2025-12-19 00:50:36,gin,0,0,0,False,Go
2025-12-19 00:50:36,github-stats,0,0,0,False,Python
2025-12-19 00:50:36,Hecate,102,1,102,False,Shell
2025-12-19 00:50:36,Hermes,0,0,0,False,N/A
2025-12-19 00:50:36,Nurysso,1,0,1,False,Python
2025-12-19 00:50:36,pebble,0,0,0,False,Go
2025-12-19 00:50:36,prtofolio,1,0,1,False,TypeScript
2025-12-19 00:50:36,sddm-astronaut-theme,2,0,2,False,QML
2025-12-19 00:50:36,snapd,0,0,0,False,N/A
2025-12-19 00:50:36,tyr,7,1,7,False,Rust
2025-12-19 00:50:36,vanish,8,0,8,False,Go
2025-12-19 00:50:36,venus,2,0,2,False,CSS
2025-12-20 00:46:14,Athena,1,0,1,False,N/A
2025-12-20 00:46:14,eulix,3,0,3,False,Rust
2025-12-20 00:46:14,Freya,2,0,2,False,N/A
2025-12-20 00:46:14,gin,0,0,0,False,Go
2025-12-20 00:46:14,github-stats,0,0,0,False,Python
2025-12-20 00:46:14,Hecate,102,1,102,False,Shell
2025-12-20 00:46:14,Hermes,0,0,0,False,N/A
2025-12-20 00:46:14,Nurysso,1,0,1,False,Python
2025-12-20 00:46:14,pebble,0,0,0,False,Go
2025-12-20 00:46:14,prtofolio,1,0,1,False,TypeScript
2025-12-20 00:46:14,sddm-astronaut-theme,2,0,2,False,QML
2025-12-20 00:46:14,snapd,0,0,0,False,N/A
2025-12-20 00:46:14,tyr,7,1,7,False,Rust
2025-12-20 00:46:14,vanish,8,0,8,False,Go
2025-12-20 00:46:14,venus,2,0,2,False,CSS
2025-12-21 00:54:09,Athena,1,0,1,False,N/A
2025-12-21 00:54:09,eulix,3,0,3,False,Rust
2025-12-21 00:54:09,Freya,2,0,2,False,N/A
2025-12-21 00:54:09,gin,0,0,0,False,Go
2025-12-21 00:54:09,github-stats,0,0,0,False,Python
2025-12-21 00:54:09,Hecate,103,1,103,False,Shell
2025-12-21 00:54:09,Hermes,0,0,0,False,N/A
2025-12-21 00:54:09,Nurysso,1,0,1,False,Python
2025-12-21 00:54:09,pebble,0,0,0,False,Go
2025-12-21 00:54:09,prtofolio,1,0,1,False,TypeScript
2025-12-21 00:54:09,sddm-astronaut-theme,2,0,2,False,QML
2025-12-21 00:54:09,snapd,0,0,0,False,N/A
2025-12-21 00:54:09,tyr,7,1,7,False,Rust
2025-12-21 00:54:09,vanish,8,0,8,False,Go
2025-12-21 00:54:09,venus,2,0,2,False,CSS
2025-12-22 00:53:24,Athena,1,0,1,False,N/A
2025-12-22 00:53:24,eulix,3,0,3,False,Rust
2025-12-22 00:53:24,Freya,2,0,2,False,N/A
2025-12-22 00:53:24,gin,0,0,0,False,Go
2025-12-22 00:53:24,github-stats,0,0,0,False,Python
2025-12-22 00:53:24,Hecate,103,1,103,False,Shell
2025-12-22 00:53:24,Hermes,0,0,0,False,N/A
2025-12-22 00:53:24,Nurysso,1,0,1,False,Python
2025-12-22 00:53:24,pebble,0,0,0,False,Go
2025-12-22 00:53:24,prtofolio,1,0,1,False,TypeScript
2025-12-22 00:53:24,sddm-astronaut-theme,2,0,2,False,QML
2025-12-22 00:53:24,snapd,0,0,0,False,N/A
2025-12-22 00:53:24,tyr,8,1,8,False,Rust
2025-12-22 00:53:24,vanish,8,0,8,False,Go
2025-12-22 00:53:24,venus,2,0,2,False,CSS
2025-12-23 00:50:17,Athena,1,0,1,False,N/A
2025-12-23 00:50:17,eulix,3,0,3,False,Rust
2025-12-23 00:50:17,Freya,2,0,2,False,N/A
2025-12-23 00:50:17,gin,0,0,0,False,Go
2025-12-23 00:50:17,github-stats,0,0,0,False,Python
2025-12-23 00:50:17,Hecate,103,1,103,False,Shell
2025-12-23 00:50:17,Hermes,0,0,0,False,N/A
2025-12-23 00:50:17,Nurysso,1,0,1,False,Python
2025-12-23 00:50:17,pebble,0,0,0,False,Go
2025-12-23 00:50:17,prtofolio,1,0,1,False,TypeScript
2025-12-23 00:50:17,sddm-astronaut-theme,2,0,2,False,QML
2025-12-23 00:50:17,snapd,0,0,0,False,N/A
2025-12-23 00:50:17,tyr,8,1,8,False,Rust
2025-12-23 00:50:17,vanish,8,0,8,False,Go
2025-12-23 00:50:17,venus,2,0,2,False,CSS
2025-12-24 00:49:54,Athena,1,0,1,False,N/A
2025-12-24 00:49:54,eulix,3,0,3,False,Rust
2025-12-24 00:49:54,Freya,2,0,2,False,N/A
2025-12-24 00:49:54,gin,0,0,0,False,Go
2025-12-24 00:49:54,github-stats,0,0,0,False,Python
2025-12-24 00:49:54,Hecate,103,1,103,False,Shell
2025-12-24 00:49:54,Hermes,0,0,0,False,N/A
2025-12-24 00:49:54,Nurysso,1,0,1,False,Python
2025-12-24 00:49:54,pebble,0,0,0,False,Go
2025-12-24 00:49:54,prtofolio,1,0,1,False,TypeScript
2025-12-24 00:49:54,sddm-astronaut-theme,2,0,2,False,QML
2025-12-24 00:49:54,snapd,0,0,0,False,N/A
2025-12-24 00:49:54,tyr,8,1,8,False,Rust
2025-12-24 00:49:54,vanish,8,0,8,False,Go
2025-12-24 00:49:54,venus,2,0,2,False,CSS
2025-12-25 00:50:25,Athena,1,0,1,False,N/A
2025-12-25 00:50:25,eulix,3,0,3,False,Rust
2025-12-25 00:50:25,Freya,2,0,2,False,N/A
2025-12-25 00:50:25,gin,0,0,0,False,Go
2025-12-25 00:50:25,github-stats,0,0,0,False,Python
2025-12-25 00:50:25,Hecate,104,1,104,False,Shell
2025-12-25 00:50:25,Hermes,0,0,0,False,N/A
2025-12-25 00:50:25,Nurysso,1,0,1,False,Python
2025-12-25 00:50:25,pebble,0,0,0,False,Go
2025-12-25 00:50:25,prtofolio,1,0,1,False,TypeScript
2025-12-25 00:50:25,sddm-astronaut-theme,2,0,2,False,QML
2025-12-25 00:50:25,snapd,0,0,0,False,N/A
2025-12-25 00:50:25,tyr,8,1,8,False,Rust
2025-12-25 00:50:25,vanish,8,0,8,False,Go
2025-12-25 00:50:25,venus,2,0,2,False,CSS
2025-12-26 00:50:39,Athena,1,0,1,False,N/A
2025-12-26 00:50:39,eulix,3,0,3,False,Rust
2025-12-26 00:50:39,Freya,2,0,2,False,N/A
2025-12-26 00:50:39,gin,0,0,0,False,Go
2025-12-26 00:50:39,github-stats,0,0,0,False,Python
2025-12-26 00:50:39,Hecate,104,1,104,False,Shell
2025-12-26 00:50:39,Hermes,0,0,0,False,N/A
2025-12-26 00:50:39,Nurysso,1,0,1,False,Python
2025-12-26 00:50:39,pebble,0,0,0,False,Go
2025-12-26 00:50:39,prtofolio,1,0,1,False,TypeScript
2025-12-26 00:50:39,sddm-astronaut-theme,2,0,2,False,QML
2025-12-26 00:50:39,snapd,0,0,0,False,N/A
2025-12-26 00:50:39,tyr,8,1,8,False,Rust
2025-12-26 00:50:39,vanish,8,0,8,False,Go
2025-12-26 00:50:39,venus,2,0,2,False,CSS
2025-12-27 00:48:40,Apollo,0,0,0,False,N/A
2025-12-27 00:48:40,Athena,1,0,1,False,N/A
2025-12-27 00:48:40,eulix,3,0,3,False,Rust
2025-12-27 00:48:40,Freya,2,0,2,False,N/A
2025-12-27 00:48:40,gin,0,0,0,False,Go
2025-12-27 00:48:40,github-stats,0,0,0,False,Python
2025-12-27 00:48:40,Hecate,104,1,104,False,Shell
2025-12-27 00:48:40,Hermes,0,0,0,False,N/A
2025-12-27 00:48:40,Nurysso,1,0,1,False,Python
2025-12-27 00:48:40,pebble,0,0,0,False,Go
2025-12-27 00:48:40,prtofolio,1,0,1,False,TypeScript
2025-12-27 00:48:40,sddm-astronaut-theme,2,0,2,False,QML
2025-12-27 00:48:40,snapd,0,0,0,False,N/A
2025-12-27 00:48:40,tyr,8,1,8,False,Rust
2025-12-27 00:48:40,vanish,8,0,8,False,Go
2025-12-27 00:48:40,venus,2,0,2,False,CSS
2025-12-28 00:57:17,Apollo,0,0,0,False,N/A
2025-12-28 00:57:17,Athena,1,0,1,False,N/A
2025-12-28 00:57:17,eulix,3,0,3,False,Rust
2025-12-28 00:57:17,Freya,2,0,2,False,N/A
2025-12-28 00:57:17,gin,0,0,0,False,Go
2025-12-28 00:57:17,github-stats,0,0,0,False,Python
2025-12-28 00:57:17,Hecate,104,1,104,False,Shell
2025-12-28 00:57:17,Hermes,0,0,0,False,N/A
2025-12-28 00:57:17,Nurysso,1,0,1,False,Python
2025-12-28 00:57:17,pebble,0,0,0,False,Go
2025-12-28 00:57:17,prtofolio,1,0,1,False,TypeScript
2025-12-28 00:57:17,sddm-astronaut-theme,2,0,2,False,QML
2025-12-28 00:57:17,snapd,0,0,0,False,N/A
2025-12-28 00:57:17,tyr,8,1,8,False,Rust
2025-12-28 00:57:17,vanish,9,0,9,False,Go
2025-12-28 00:57:17,venus,2,0,2,False,CSS
2025-12-29 00:55:29,Apollo,0,0,0,False,N/A
2025-12-29 00:55:29,Athena,1,0,1,False,N/A
2025-12-29 00:55:29,eulix,4,0,4,False,Rust
2025-12-29 00:55:29,Freya,3,0,3,False,N/A
2025-12-29 00:55:29,gin,0,0,0,False,Go
2025-12-29 00:55:29,github-stats,0,0,0,False,Python
2025-12-29 00:55:29,Hecate,104,1,104,False,Shell
2025-12-29 00:55:29,Hermes,1,0,1,False,N/A
2025-12-29 00:55:29,Nurysso,1,0,1,False,Python
2025-12-29 00:55:29,pebble,0,0,0,False,Go
2025-12-29 00:55:29,prtofolio,2,0,2,False,TypeScript
2025-12-29 00:55:29,sddm-astronaut-theme,2,0,2,False,QML
2025-12-29 00:55:29,snapd,0,0,0,False,N/A
2025-12-29 00:55:29,tyr,9,1,9,False,Rust
2025-12-29 00:55:29,vanish,10,0,10,False,Go
2025-12-29 00:55:29,venus,2,0,2,False,CSS
2025-12-30 00:50:38,Apollo,0,0,0,False,N/A
2025-12-30 00:50:38,Athena,1,0,1,False,N/A
2025-12-30 00:50:38,eulix,4,0,4,False,Rust
2025-12-30 00:50:38,Freya,3,0,3,False,N/A
2025-12-30 00:50:38,gin,0,0,0,False,Go
2025-12-30 00:50:38,github-stats,0,0,0,False,Python
2025-12-30 00:50:38,Hecate,104,1,104,False,Shell
2025-12-30 00:50:38,Hermes,1,0,1,False,N/A
2025-12-30 00:50:38,Nurysso,1,0,1,False,Python
2025-12-30 00:50:38,pebble,0,0,0,False,Go
2025-12-30 00:50:38,prtofolio,2,0,2,False,TypeScript
2025-12-30 00:50:38,sddm-astronaut-theme,2,0,2,False,QML
2025-12-30 00:50:38,snapd,0,0,0,False,N/A
2025-12-30 00:50:38,tyr,9,1,9,False,Rust
2025-12-30 00:50:38,vanish,10,0,10,False,Go
2025-12-30 00:50:38,venus,2,0,2,False,CSS
2025-12-30 00:50:38,witr,0,0,0,False,N/A
2025-12-31 00:52:19,Apollo,0,0,0,False,N/A
2025-12-31 00:52:19,Athena,1,0,1,False,N/A
2025-12-31 00:52:19,eulix,4,0,4,False,Rust
2025-12-31 00:52:19,Freya,3,0,3,False,N/A
2025-12-31 00:52:19,gin,0,0,0,False,Go
2025-12-31 00:52:19,github-stats,0,0,0,False,Python
2025-12-31 00:52:19,Hecate,104,1,104,False,Shell
2025-12-31 00:52:19,Hermes,1,0,1,False,N/A
2025-12-31 00:52:19,Nurysso,1,0,1,False,Python
2025-12-31 00:52:19,pebble,0,0,0,False,Go
2025-12-31 00:52:19,prtofolio,2,0,2,False,TypeScript
2025-12-31 00:52:19,sddm-astronaut-theme,2,0,2,False,QML
2025-12-31 00:52:19,snapd,0,0,0,False,N/A
2025-12-31 00:52:19,tyr,9,1,9,False,Rust
2025-12-31 00:52:19,vanish,10,0,10,False,Go
2025-12-31 00:52:19,venus,2,0,2,False,CSS
2025-12-31 00:52:19,witr,0,0,0,False,N/A
2026-01-01 00:57:17,Apollo,0,0,0,False,N/A
2026-01-01 00:57:17,Athena,1,0,1,False,N/A
2026-01-01 00:57:17,eulix,4,0,4,False,Rust
2026-01-01 00:57:17,Freya,3,0,3,False,N/A
2026-01-01 00:57:17,gin,0,0,0,False,Go
2026-01-01 00:57:17,github-stats,0,0,0,False,Python
2026-01-01 00:57:17,Hecate,104,1,104,False,Shell
2026-01-01 00:57:17,Hermes,1,0,1,False,N/A
2026-01-01 00:57:17,Nurysso,1,0,1,False,Python
2026-01-01 00:57:17,pebble,0,0,0,False,Go
2026-01-01 00:57:17,prtofolio,2,0,2,False,TypeScript
2026-01-01 00:57:17,sddm-astronaut-theme,2,0,2,False,QML
2026-01-01 00:57:17,snapd,0,0,0,False,N/A
2026-01-01 00:57:17,tyr,9,1,9,False,Rust
2026-01-01 00:57:17,vanish,10,0,10,False,Go
2026-01-01 00:57:17,venus,2,0,2,False,CSS
2026-01-01 00:57:17,witr,0,0,0,False,N/A
2026-01-02 00:52:19,Apollo,0,0,0,False,N/A
2026-01-02 00:52:19,Athena,1,0,1,False,N/A
2026-01-02 00:52:19,eulix,4,0,4,False,Rust
2026-01-02 00:52:19,Freya,3,0,3,False,N/A
2026-01-02 00:52:19,gin,0,0,0,False,Go
2026-01-02 00:52:19,github-stats,0,0,0,False,Python
2026-01-02 00:52:19,Hecate,104,1,104,False,Shell
2026-01-02 00:52:19,Hermes,1,0,1,False,N/A
2026-01-02 00:52:19,Nurysso,1,0,1,False,Python
2026-01-02 00:52:19,pebble,0,0,0,False,Go
2026-01-02 00:52:19,prtofolio,2,0,2,False,TypeScript
2026-01-02 00:52:19,sddm-astronaut-theme,2,0,2,False,QML
2026-01-02 00:52:19,snapd,0,0,0,False,N/A
2026-01-02 00:52:19,tyr,9,1,9,False,Rust
2026-01-02 00:52:19,vanish,10,0,10,False,Go
2026-01-02 00:52:19,venus,2,0,2,False,CSS
2026-01-02 00:52:19,witr,0,0,0,False,N/A
2026-01-03 00:47:57,Apollo,0,0,0,False,N/A
2026-01-03 00:47:57,Athena,1,0,1,False,N/A
2026-01-03 00:47:57,eulix,4,0,4,False,Rust
2026-01-03 00:47:57,Freya,3,0,3,False,N/A
2026-01-03 00:47:57,gin,0,0,0,False,Go
2026-01-03 00:47:57,github-stats,0,0,0,False,Python
2026-01-03 00:47:57,Hecate,104,1,104,False,Shell
2026-01-03 00:47:57,Hermes,1,0,1,False,N/A
2026-01-03 00:47:57,Nurysso,1,0,1,False,Python
2026-01-03 00:47:57,pebble,0,0,0,False,Go
2026-01-03 00:47:57,prtofolio,2,0,2,False,TypeScript
2026-01-03 00:47:57,sddm-astronaut-theme,2,0,2,False,QML
2026-01-03 00:47:57,snapd,0,0,0,False,N/A
2026-01-03 00:47:57,tyr,9,1,9,False,Rust
2026-01-03 00:47:57,vanish,10,0,10,False,Go
2026-01-03 00:47:57,venus,2,0,2,False,CSS
2026-01-03 00:47:57,witr,0,0,0,False,N/A
2026-01-04 00:57:27,Apollo,0,0,0,False,N/A
2026-01-04 00:57:27,Athena,1,0,1,False,N/A
2026-01-04 00:57:27,dotcom,0,0,0,False,N/A
2026-01-04 00:57:27,eulix,4,0,4,False,Rust
2026-01-04 00:57:27,Freya,3,0,3,False,N/A
2026-01-04 00:57:27,gin,0,0,0,False,N/A
2026-01-04 00:57:27,github-stats,0,0,0,False,Python
2026-01-04 00:57:27,Hecate,104,1,104,False,Shell
2026-01-04 00:57:27,Hermes,1,0,1,False,N/A
2026-01-04 00:57:27,Nurysso,1,0,1,False,Python
2026-01-04 00:57:27,pebble,0,0,0,False,Go
2026-01-04 00:57:27,prtofolio,2,0,2,False,TypeScript
2026-01-04 00:57:27,sddm-astronaut-theme,2,0,2,False,QML
2026-01-04 00:57:27,snapd,0,0,0,False,N/A
2026-01-04 00:57:27,tyr,9,1,9,False,Rust
2026-01-04 00:57:27,vanish,10,0,10,False,Go
2026-01-04 00:57:27,venus,2,0,2,False,CSS
2026-01-04 00:57:27,witr,0,0,0,False,N/A
2026-01-04 20:02:51,Athena,1,0,1,False,N/A
2026-01-04 20:02:51,eulix,4,0,4,False,Rust
2026-01-04 20:02:51,Freya,3,0,3,False,N/A
2026-01-04 20:02:51,gin,0,0,0,False,N/A
2026-01-04 20:02:51,github-stats,0,0,0,False,Python
2026-01-04 20:02:51,Hecate,104,1,104,False,Shell
2026-01-04 20:02:51,Hermes,1,0,1,False,N/A
2026-01-04 20:02:51,Nurysso,1,0,1,False,Python
2026-01-04 20:02:51,pebble,0,0,0,False,Go
2026-01-04 20:02:51,prtofolio,2,0,2,False,TypeScript
2026-01-04 20:02:51,sddm-astronaut-theme,2,0,2,False,QML
2026-01-04 20:02:51,tyr,9,1,9,False,Rust
2026-01-04 20:02:51,vanish,10,0,10,False,Go
2026-01-04 20:02:51,venus,2,0,2,False,CSS
2026-02-16 12:07:13,Athena,1,0,1,False,N/A
2026-02-16 12:07:13,BinRex,0,0,0,False,TypeScript
2026-02-16 12:07:13,bm-2026,0,0,0,False,N/A
2026-02-16 12:07:13,d2-the-SA,0,0,0,False,Rust
2026-02-16 12:07:13,eulix,5,1,5,False,Rust
2026-02-16 12:07:13,Freya,3,0,3,False,N/A
2026-02-16 12:07:13,Game-Bots,0,0,0,False,N/A
2026-02-16 12:07:13,gin,0,0,0,False,Go
2026-02-16 12:07:13,github-stats,0,0,0,False,Python
2026-02-16 12:07:13,Hecate,110,3,110,False,Shell
2026-02-16 12:07:13,Hermes,1,0,1,False,N/A
2026-02-16 12:07:13,Nurysso,2,0,2,False,N/A
2026-02-16 12:07:13,prtofolio,2,0,2,False,TypeScript
2026-02-16 12:07:13,sddm-astronaut-theme,2,0,2,False,QML
2026-02-16 12:07:13,trivy,0,0,0,False,N/A
2026-02-16 12:07:13,tyr,10,1,10,False,Rust
2026-02-16 12:07:13,vanish,19,0,19,False,Go
2026-02-16 12:07:13,venus,2,0,2,False,CSS
2026-06-24 07:40:20,BinRex,2,0,2,False,TypeScript
2026-06-24 07:40:20,eulix,14,2,14,False,Go
2026-06-24 07:40:20,gin,0,0,0,False,N/A
2026-06-24 07:40:20,github-stats,0,0,0,False,Python
2026-06-24 07:40:20,gstrings,0,0,0,False,Go
2026-06-24 07:40:20,Hecate,115,6,115,False,Shell
2026-06-24 07:40:20,Hera,0,0,0,False,TypeScript
2026-06-24 07:40:20,Hermes,1,0,1,False,N/A
2026-06-24 07:40:20,ijson,0,0,0,False,N/A
2026-06-24 07:40:20,loki,0,0,0,False,Go
2026-06-24 07:40:20,Nurysso,0,0,0,False,N/A
2026-06-24 07:40:20,prtofolio,3,0,3,False,TypeScript
2026-06-24 07:40:20,test,0,0,0,False,Python
2026-06-24 07:40:20,tyr,13,1,13,False,Rust
2026-06-24 07:40:20,vanish,21,0,21,False,Go
2026-06-24 07:40:20,yajl,1,0,1,False,N/A
2026-06-25 04:18:30,BinRex,2,0,2,False,TypeScript
2026-06-25 04:18:30,eulix,14,2,14,False,Go
2026-06-25 04:18:30,gin,0,0,0,False,N/A
2026-06-25 04:18:30,github-stats,0,0,0,False,Python
2026-06-25 04:18:30,gstrings,0,0,0,False,Go
2026-06-25 04:18:30,Hecate,115,6,115,False,Shell
2026-06-25 04:18:30,Hera,0,0,0,False,TypeScript
2026-06-25 04:18:30,Hermes,1,0,1,False,N/A
2026-06-25 04:18:30,ijson,0,0,0,False,N/A
2026-06-25 04:18:30,loki,0,0,0,False,Go
2026-06-25 04:18:30,Nurysso,0,0,0,False,N/A
2026-06-25 04:18:30,prtofolio,3,0,3,False,TypeScript
2026-06-25 04:18:30,test,0,0,0,False,Python
2026-06-25 04:18:30,tyr,13,1,13,False,Rust
2026-06-25 04:18:30,vanish,21,0,21,False,Go
2026-06-25 04:18:30,yajl,1,0,1,False,N/A
2026-06-26 04:25:10,BinRex,2,0,2,False,TypeScript
2026-06-26 04:25:10,eulix,14,2,14,False,Go
2026-06-26 04:25:10,gin,0,0,0,False,N/A
2026-06-26 04:25:10,github-stats,0,0,0,False,Python
2026-06-26 04:25:10,gstrings,0,0,0,False,Go
2026-06-26 04:25:10,Hecate,115,6,115,False,Shell
2026-06-26 04:25:10,Hera,0,0,0,False,TypeScript
2026-06-26 04:25:10,Hermes,1,0,1,False,N/A
2026-06-26 04:25:10,ijson,0,0,0,False,N/A
2026-06-26 04:25:10,loki,0,0,0,False,Go
2026-06-26 04:25:10,Nurysso,0,0,0,False,N/A
2026-06-26 04:25:10,prtofolio,3,0,3,False,TypeScript
2026-06-26 04:25:10,test,0,0,0,False,Python
2026-06-26 04:25:10,tyr,13,1,13,False,Rust
2026-06-26 04:25:10,vanish,21,0,21,False,Go
2026-06-26 04:25:10,yajl,1,0,1,False,N/A
2026-06-27 04:11:20,BinRex,2,0,2,False,TypeScript
2026-06-27 04:11:20,eulix,14,2,14,False,Go
2026-06-27 04:11:20,gin,0,0,0,False,N/A
2026-06-27 04:11:20,github-stats,0,0,0,False,Python
2026-06-27 04:11:20,gstrings,0,0,0,False,Go
2026-06-27 04:11:20,Hecate,115,6,115,False,Shell
2026-06-27 04:11:20,Hera,0,0,0,False,TypeScript
2026-06-27 04:11:20,Hermes,1,0,1,False,N/A
2026-06-27 04:11:20,ijson,0,0,0,False,N/A
2026-06-27 04:11:20,loki,0,0,0,False,Go
2026-06-27 04:11:20,Nurysso,0,0,0,False,N/A
2026-06-27 04:11:20,prtofolio,3,0,3,False,TypeScript
2026-06-27 04:11:20,test,0,0,0,False,Python
2026-06-27 04:11:20,tyr,13,1,13,False,Rust
2026-06-27 04:11:20,vanish,21,0,21,False,Go
2026-06-27 04:11:20,yajl,1,0,1,False,N/A
2026-06-28 04:45:02,BinRex,2,0,2,False,TypeScript
2026-06-28 04:45:02,eulix,14,2,14,False,Go
2026-06-28 04:45:02,gin,0,0,0,False,N/A
2026-06-28 04:45:02,github-stats,0,0,0,False,Python
2026-06-28 04:45:02,gstrings,0,0,0,False,Go
2026-06-28 04:45:02,Hecate,115,6,115,False,Shell
2026-06-28 04:45:02,Hera,0,0,0,False,TypeScript
2026-06-28 04:45:02,Hermes,1,0,1,False,N/A
2026-06-28 04:45:02,ijson,0,0,0,False,N/A
2026-06-28 04:45:02,loki,0,0,0,False,Go
2026-06-28 04:45:02,Nurysso,0,0,0,False,N/A
2026-06-28 04:45:02,prtofolio,3,0,3,False,TypeScript
2026-06-28 04:45:02,test,0,0,0,False,Python
2026-06-28 04:45:02,tyr,13,1,13,False,Rust
2026-06-28 04:45:02,vanish,21,0,21,False,Go
2026-06-28 04:45:02,yajl,1,0,1,False,N/A
2026-06-29 04:53:57,BinRex,2,0,2,False,TypeScript
2026-06-29 04:53:57,eulix,14,2,14,False,Go
2026-06-29 04:53:57,gin,0,0,0,False,N/A
2026-06-29 04:53:57,github-stats,0,0,0,False,Python
2026-06-29 04:53:57,gstrings,0,0,0,False,Go
2026-06-29 04:53:57,Hecate,115,6,115,False,Shell
2026-06-29 04:53:57,Hera,0,0,0,False,TypeScript
2026-06-29 04:53:57,Hermes,1,0,1,False,N/A
2026-06-29 04:53:57,ijson,0,0,0,False,N/A
2026-06-29 04:53:57,loki,0,0,0,False,Go
2026-06-29 04:53:57,Nurysso,0,0,0,False,N/A
2026-06-29 04:53:57,prtofolio,3,0,3,False,TypeScript
2026-06-29 04:53:57,test,0,0,0,False,Python
2026-06-29 04:53:57,tyr,13,1,13,False,Rust
2026-06-29 04:53:57,vanish,21,0,21,False,Go
2026-06-29 04:53:57,yajl,1,0,1,False,N/A
2026-06-30 04:20:01,BinRex,2,0,2,False,TypeScript
2026-06-30 04:20:01,eulix,14,2,14,False,Go
2026-06-30 04:20:01,gin,0,0,0,False,Go
2026-06-30 04:20:01,github-stats,0,0,0,False,Python
2026-06-30 04:20:01,gstrings,0,0,0,False,Go
2026-06-30 04:20:01,Hecate,115,6,115,False,Shell
2026-06-30 04:20:01,Hera,0,0,0,False,TypeScript
2026-06-30 04:20:01,Hermes,1,0,1,False,N/A
2026-06-30 04:20:01,Nurysso,0,0,0,False,N/A
2026-06-30 04:20:01,prtofolio,3,0,3,False,TypeScript
2026-06-30 04:20:01,test,0,0,0,False,Python
2026-06-30 04:20:01,tyr,13,1,13,False,Rust
2026-06-30 04:20:01,vanish,21,0,21,False,Go
2026-06-30 04:20:01,yajl,1,0,1,False,N/A
2026-07-01 04:47:45,BinRex,2,0,2,False,TypeScript
2026-07-01 04:47:45,eulix,15,2,15,False,Go
2026-07-01 04:47:45,gin,0,0,0,False,Go
2026-07-01 04:47:45,github-stats,0,0,0,False,Python
2026-07-01 04:47:45,gstrings,0,0,0,False,Go
2026-07-01 04:47:45,Hecate,115,6,115,False,Shell
2026-07-01 04:47:45,Hera,0,0,0,False,TypeScript
2026-07-01 04:47:45,Hermes,1,0,1,False,N/A
2026-07-01 04:47:45,Nurysso,0,0,0,False,N/A
2026-07-01 04:47:45,prtofolio,3,0,3,False,TypeScript
2026-07-01 04:47:45,test,0,0,0,False,Python
2026-07-01 04:47:45,tyr,13,1,13,False,Rust
2026-07-01 04:47:45,vanish,21,0,21,False,Go
2026-07-01 04:47:45,yajl,1,0,1,False,N/A
2026-07-02 04:15:18,BinRex,2,0,2,False,TypeScript
2026-07-02 04:15:18,eulix,16,2,16,False,Go
2026-07-02 04:15:18,gin,0,0,0,False,Go
2026-07-02 04:15:18,github-stats,0,0,0,False,Python
2026-07-02 04:15:18,gstrings,0,0,0,False,Go
2026-07-02 04:15:18,Hecate,115,6,115,False,Shell
2026-07-02 04:15:18,Hera,0,0,0,False,TypeScript
2026-07-02 04:15:18,Hermes,1,0,1,False,N/A
2026-07-02 04:15:18,Nurysso,0,0,0,False,N/A
2026-07-02 04:15:18,prtofolio,3,0,3,False,TypeScript
2026-07-02 04:15:18,test,0,0,0,False,Python
2026-07-02 04:15:18,tyr,13,1,13,False,Rust
2026-07-02 04:15:18,vanish,21,0,21,False,Go
2026-07-02 04:15:18,yajl,1,0,1,False,N/A
2026-07-03 04:01:51,BinRex,2,0,2,False,TypeScript
2026-07-03 04:01:51,eulix,16,2,16,False,Go
2026-07-03 04:01:51,gin,0,0,0,False,Go
2026-07-03 04:01:51,github-stats,0,0,0,False,Python
2026-07-03 04:01:51,gstrings,0,0,0,False,Go
2026-07-03 04:01:51,Hecate,115,6,115,False,Shell
2026-07-03 04:01:51,Hera,0,0,0,False,TypeScript
2026-07-03 04:01:51,Hermes,1,0,1,False,N/A
2026-07-03 04:01:51,Nurysso,0,0,0,False,N/A
2026-07-03 04:01:51,prtofolio,3,0,3,False,TypeScript
2026-07-03 04:01:51,test,0,0,0,False,Python
2026-07-03 04:01:51,tyr,13,1,13,False,Rust
2026-07-03 04:01:51,vanish,21,0,21,False,Go
2026-07-03 04:01:51,yajl,1,0,1,False,N/A
2026-07-04 03:55:27,BinRex,2,0,2,False,TypeScript
2026-07-04 03:55:27,eulix,16,2,16,False,Rust
2026-07-04 03:55:27,gin,0,0,0,False,Go
2026-07-04 03:55:27,github-stats,0,0,0,False,Python
2026-07-04 03:55:27,gstrings,0,0,0,False,Go
2026-07-04 03:55:27,Hecate,115,6,115,False,Shell
2026-07-04 03:55:27,Hera,0,0,0,False,TypeScript
2026-07-04 03:55:27,Hermes,1,0,1,False,N/A
2026-07-04 03:55:27,Nurysso,0,0,0,False,N/A
2026-07-04 03:55:27,prtofolio,3,0,3,False,TypeScript
2026-07-04 03:55:27,test,0,0,0,False,Python
2026-07-04 03:55:27,tyr,13,1,13,False,Rust
2026-07-04 03:55:27,vanish,21,0,21,False,Go
2026-07-04 03:55:27,yajl,1,0,1,False,N/A
2026-07-05 04:14:57,BinRex,2,0,2,False,TypeScript
2026-07-05 04:14:57,eulix,16,2,16,False,Rust
2026-07-05 04:14:57,gin,0,0,0,False,Go
2026-07-05 04:14:57,github-stats,0,0,0,False,Python
2026-07-05 04:14:57,gstrings,0,0,0,False,Go
2026-07-05 04:14:57,Hecate,115,6,115,False,Shell
2026-07-05 04:14:57,Hera,0,0,0,False,TypeScript
2026-07-05 04:14:57,Hermes,1,0,1,False,N/A
2026-07-05 04:14:57,Nurysso,0,0,0,False,N/A
2026-07-05 04:14:57,prtofolio,3,0,3,False,TypeScript
2026-07-05 04:14:57,test,0,0,0,False,Python
2026-07-05 04:14:57,tyr,13,1,13,False,Rust
2026-07-05 04:14:57,vanish,21,0,21,False,Go
2026-07-05 04:14:57,yajl,1,0,1,False,N/A
2026-07-06 04:22:25,BinRex,2,0,2,False,TypeScript
2026-07-06 04:22:25,eulix,16,2,16,False,Rust
2026-07-06 04:22:25,gin,0,0,0,False,Go
2026-07-06 04:22:25,github-stats,0,0,0,False,Python
2026-07-06 04:22:25,gstrings,0,0,0,False,Go
2026-07-06 04:22:25,Hecate,115,6,115,False,Shell
2026-07-06 04:22:25,Hera,0,0,0,False,TypeScript
2026-07-06 04:22:25,Hermes,1,0,1,False,N/A
2026-07-06 04:22:25,Nurysso,0,0,0,False,N/A
2026-07-06 04:22:25,prtofolio,3,0,3,False,TypeScript
2026-07-06 04:22:25,test,0,0,0,False,Python
2026-07-06 04:22:25,tyr,13,1,13,False,Rust
2026-07-06 04:22:25,vanish,21,0,21,False,Go
2026-07-06 04:22:25,yajl,1,0,1,False,N/A
2026-07-07 04:11:14,BinRex,2,0,2,False,TypeScript
2026-07-07 04:11:14,eulix,16,2,16,False,Rust
2026-07-07 04:11:14,gin,0,0,0,False,Go
2026-07-07 04:11:14,github-stats,0,0,0,False,Python
2026-07-07 04:11:14,gstrings,0,0,0,False,Go
2026-07-07 04:11:14,Hecate,115,6,115,False,Shell
2026-07-07 04:11:14,Hera,0,0,0,False,TypeScript
2026-07-07 04:11:14,Hermes,1,0,1,False,N/A
2026-07-07 04:11:14,Nurysso,0,0,0,False,N/A
2026-07-07 04:11:14,prtofolio,3,0,3,False,TypeScript
2026-07-07 04:11:14,test,0,0,0,False,Python
2026-07-07 04:11:14,tyr,13,1,13,False,Rust
2026-07-07 04:11:14,vanish,21,0,21,False,Go
2026-07-07 04:11:14,yajl,1,0,1,False,N/A
2026-07-08 03:36:22,BinRex,2,0,2,False,TypeScript
2026-07-08 03:36:22,eulix,16,2,16,False,Rust
2026-07-08 03:36:22,gin,0,0,0,False,Go
2026-07-08 03:36:22,github-stats,0,0,0,False,Python
2026-07-08 03:36:22,gstrings,0,0,0,False,Go
2026-07-08 03:36:22,Hecate,115,6,115,False,Shell
2026-07-08 03:36:22,Hera,0,0,0,False,TypeScript
2026-07-08 03:36:22,Hermes,1,0,1,False,N/A
2026-07-08 03:36:22,Nurysso,0,0,0,False,N/A
2026-07-08 03:36:22,prtofolio,3,0,3,False,TypeScript
2026-07-08 03:36:22,test,0,0,0,False,Python
2026-07-08 03:36:22,tyr,13,1,13,False,Rust
2026-07-08 03:36:22,vanish,21,0,21,False,Go
2026-07-08 03:36:22,yajl,1,0,1,False,N/A
2026-07-09 04:16:19,BinRex,2,0,2,False,TypeScript
2026-07-09 04:16:19,eulix,16,2,16,False,Rust
2026-07-09 04:16:19,gin,0,0,0,False,Go
2026-07-09 04:16:19,github-stats,0,0,0,False,Python
2026-07-09 04:16:19,gstrings,0,0,0,False,Go
2026-07-09 04:16:19,Hecate,115,6,115,False,Shell
2026-07-09 04:16:19,Hera,0,0,0,False,TypeScript
2026-07-09 04:16:19,Hermes,1,0,1,False,N/A
2026-07-09 04:16:19,Nurysso,0,0,0,False,N/A
2026-07-09 04:16:19,prtofolio,3,0,3,False,TypeScript
2026-07-09 04:16:19,test,0,0,0,False,Python
2026-07-09 04:16:19,tyr,13,1,13,False,Rust
2026-07-09 04:16:19,vanish,21,0,21,False,Go
2026-07-09 04:16:19,yajl,1,0,1,False,N/A
2026-07-13 15:30:06,BinRex,2,0,2,False,TypeScript
2026-07-13 15:30:06,eulix,16,2,16,False,Rust
2026-07-13 15:30:06,gin,0,0,0,False,Go
2026-07-13 15:30:06,github-stats,0,0,0,False,Python
2026-07-13 15:30:06,gstrings,0,0,0,False,Go
2026-07-13 15:30:06,Hecate,115,6,115,False,Shell
2026-07-13 15:30:06,Hera,0,0,0,False,TypeScript
2026-07-13 15:30:06,Hermes,1,0,1,False,N/A
2026-07-13 15:30:06,Nurysso,0,0,0,False,N/A
2026-07-13 15:30:06,prtofolio,3,0,3,False,TypeScript
2026-07-13 15:30:06,test,0,0,0,False,Python
2026-07-13 15:30:06,tyr,13,1,13,False,Rust
2026-07-13 15:30:06,vanish,21,0,21,False,Go
2026-07-13 15:30:06,Vis-Neuclea,0,0,0,False,TypeScript
2026-07-13 15:30:06,yajl,1,0,1,False,N/A
2026-07-13 15:34:49,BinRex,2,0,2,False,TypeScript
2026-07-13 15:34:49,eulix,16,2,16,False,Rust
2026-07-13 15:34:49,gin,0,0,0,False,Go
2026-07-13 15:34:49,github-stats,0,0,0,False,Python
2026-07-13 15:34:49,gstrings,0,0,0,False,Go
2026-07-13 15:34:49,Hecate,115,6,115,False,Shell
2026-07-13 15:34:49,Hera,0,0,0,False,TypeScript
2026-07-13 15:34:49,Hermes,1,0,1,False,N/A
2026-07-13 15:34:49,Nurysso,0,0,0,False,N/A
2026-07-13 15:34:49,prtofolio,3,0,3,False,TypeScript
2026-07-13 15:34:49,test,0,0,0,False,Python
2026-07-13 15:34:49,tyr,13,1,13,False,Rust
2026-07-13 15:34:49,vanish,21,0,21,False,Go
2026-07-13 15:34:49,Vis-Neuclea,0,0,0,False,TypeScript
2026-07-13 15:34:49,yajl,1,0,1,False,N/A
2026-07-14 03:22:41,BinRex,2,0,2,False,TypeScript
2026-07-14 03:22:41,eulix,16,2,16,False,Rust
2026-07-14 03:22:41,gin,0,0,0,False,Go
2026-07-14 03:22:41,github-stats,0,0,0,False,Python
2026-07-14 03:22:41,gstrings,0,0,0,False,Go
2026-07-14 03:22:41,Hecate,115,6,115,False,Shell
2026-07-14 03:22:41,Hera,0,0,0,False,TypeScript
2026-07-14 03:22:41,Hermes,1,0,1,False,N/A
2026-07-14 03:22:41,Nurysso,0,0,0,False,N/A
2026-07-14 03:22:41,prtofolio,3,0,3,False,TypeScript
2026-07-14 03:22:41,test,0,0,0,False,Python
2026-07-14 03:22:41,tyr,13,1,13,False,Rust
2026-07-14 03:22:41,vanish,21,0,21,False,Go
2026-07-14 03:22:41,Vis-Neuclea,0,0,0,False,TypeScript
2026-07-14 03:22:41,yajl,1,0,1,False,N/A
2026-07-15 03:23:05,BinRex,2,0,2,False,TypeScript
2026-07-15 03:23:05,eulix,16,2,16,False,Rust
2026-07-15 03:23:05,gin,0,0,0,False,Go
2026-07-15 03:23:05,github-stats,0,0,0,False,Python
2026-07-15 03:23:05,gstrings,0,0,0,False,Go
2026-07-15 03:23:05,Hecate,115,6,115,False,Shell
2026-07-15 03:23:05,Hera,0,0,0,False,TypeScript
2026-07-15 03:23:05,Hermes,1,0,1,False,N/A
2026-07-15 03:23:05,hive,0,0,0,False,N/A
2026-07-15 03:23:05,Nurysso,0,0,0,False,N/A
2026-07-15 03:23:05,prtofolio,3,0,3,False,TypeScript
2026-07-15 03:23:05,test,0,0,0,False,Python
2026-07-15 03:23:05,tyr,13,1,13,False,Rust
2026-07-15 03:23:05,vanish,21,0,21,False,Go
2026-07-15 03:23:05,Vis-Neuclea,0,0,0,False,TypeScript
2026-07-15 03:23:05,yajl,1,0,1,False,N/A
2026-07-15 23:51:09,bad-epoll,0,0,0,False,N/A
2026-07-15 23:51:09,BinRex,2,0,2,False,TypeScript
2026-07-15 23:51:09,eulix,16,2,16,False,Rust
2026-07-15 23:51:09,gin,0,0,0,False,Go
2026-07-15 23:51:09,github-stats,0,0,0,False,Python
2026-07-15 23:51:09,gstrings,0,0,0,False,Go
2026-07-15 23:51:09,Hecate,115,6,115,False,Shell
2026-07-15 23:51:09,Hera,0,0,0,False,TypeScript
2026-07-15 23:51:09,Hermes,1,0,1,False,N/A
2026-07-15 23:51:09,hive,0,0,0,False,N/A
2026-07-15 23:51:09,linux,0,0,0,False,N/A
2026-07-15 23:51:09,Nurysso,0,0,0,False,N/A
2026-07-15 23:51:09,prtofolio,3,0,3,False,TypeScript
2026-07-15 23:51:09,searxng,0,0,0,False,N/A
2026-07-15 23:51:09,test,0,0,0,False,Python
2026-07-15 23:51:09,tyr,13,1,13,False,Rust
2026-07-15 23:51:09,vanish,21,0,21,False,Go
2026-07-15 23:51:09,Vis-Neuclea,0,0,0,False,TypeScript
2026-07-15 23:51:09,yajl,1,0,1,False,N/A
2026-07-15 18:34:07,bad-epoll,0,0,0,False,N/A
2026-07-15 18:34:07,BinRex,2,0,2,False,TypeScript
2026-07-15 18:34:07,eulix,16,2,16,False,Rust
2026-07-15 18:34:07,gin,0,0,0,False,Go
2026-07-15 18:34:07,github-stats,0,0,0,False,Python
2026-07-15 18:34:07,gstrings,0,0,0,False,Go
2026-07-15 18:34:07,Hecate,115,6,115,False,Shell
2026-07-15 18:34:07,Hera,0,0,0,False,TypeScript
2026-07-15 18:34:07,Hermes,1,0,1,False,N/A
2026-07-15 18:34:07,hive,0,0,0,False,N/A
2026-07-15 18:34:07,linux,0,0,0,False,N/A
2026-07-15 18:34:07,Nurysso,0,0,0,False,N/A
2026-07-15 18:34:07,prtofolio,3,0,3,False,TypeScript
2026-07-15 18:34:07,searxng,0,0,0,False,N/A
2026-07-15 18:34:07,test,0,0,0,False,Python
2026-07-15 18:34:07,tyr,13,1,13,False,Rust
2026-07-15 18:34:07,vanish,21,0,21,False,Go
2026-07-15 18:34:07,Vis-Neuclea,0,0,0,False,TypeScript
2026-07-15 18:34:07,yajl,1,0,1,False,N/A
2026-07-16 03:29:02,bad-epoll,0,0,0,False,N/A
2026-07-16 03:29:02,BinRex,2,0,2,False,TypeScript
2026-07-16 03:29:02,eulix,16,2,16,False,Rust
2026-07-16 03:29:02,gin,0,0,0,False,Go
2026-07-16 03:29:02,github-stats,0,0,0,False,Python
2026-07-16 03:29:02,gstrings,0,0,0,False,Go
2026-07-16 03:29:02,Hecate,115,6,115,False,Shell
2026-07-16 03:29:02,Hera,0,0,0,False,TypeScript
2026-07-16 03:29:02,Hermes,1,0,1,False,N/A
2026-07-16 03:29:02,hive,0,0,0,False,N/A
2026-07-16 03:29:02,linux,0,0,0,False,N/A
2026-07-16 03:29:02,Nurysso,0,0,0,False,N/A
2026-07-16 03:29:02,prtofolio,3,0,3,False,TypeScript
2026-07-16 03:29:02,searxng,0,0,0,False,N/A
2026-07-16 03:29:02,test,0,0,0,False,Python
2026-07-16 03:29:02,tyr,13,1,13,False,Rust
2026-07-16 03:29:02,vanish,21,0,21,False,Go
2026-07-16 03:29:02,Vis-Neuclea,0,0,0,False,TypeScript
2026-07-16 03:29:02,yajl,1,0,1,False,N/A
2026-07-17 03:30:47,bad-epoll,0,0,0,False,N/A
2026-07-17 03:30:47,BinRex,2,0,2,False,TypeScript
2026-07-17 03:30:47,eulix,16,2,16,False,Rust
2026-07-17 03:30:47,gin,0,0,0,False,Go
2026-07-17 03:30:47,github-stats,0,0,0,False,Python
2026-07-17 03:30:47,gstrings,0,0,0,False,Go
2026-07-17 03:30:47,Hecate,115,6,115,False,Shell
2026-07-17 03:30:47,Hera,0,0,0,False,TypeScript
2026-07-17 03:30:47,Hermes,1,0,1,False,N/A
2026-07-17 03:30:47,hive,0,0,0,False,N/A
2026-07-17 03:30:47,linux,0,0,0,False,N/A
2026-07-17 03:30:47,Nurysso,0,0,0,False,N/A
2026-07-17 03:30:47,prtofolio,3,0,3,False,TypeScript
2026-07-17 03:30:47,searxng,0,0,0,False,N/A
2026-07-17 03:30:47,test,0,0,0,False,Python
2026-07-17 03:30:47,tyr,13,1,13,False,Rust
2026-07-17 03:30:47,vanish,21,0,21,False,Go
2026-07-17 03:30:47,Vis-Neuclea,0,0,0,False,TypeScript
2026-07-17 03:30:47,yajl,1,0,1,False,N/A
2026-07-18 03:20:46,bad-epoll,0,0,0,False,N/A
2026-07-18 03:20:46,BinRex,2,0,2,False,TypeScript
2026-07-18 03:20:46,eulix,16,2,16,False,Rust
2026-07-18 03:20:46,gin,0,0,0,False,Go
2026-07-18 03:20:46,github-stats,0,0,0,False,Python
2026-07-18 03:20:46,gstrings,0,0,0,False,Go
2026-07-18 03:20:46,Hecate,115,6,115,False,Shell
2026-07-18 03:20:46,Hera,0,0,0,False,TypeScript
2026-07-18 03:20:46,Hermes,1,0,1,False,N/A
2026-07-18 03:20:46,hive,0,0,0,False,N/A
2026-07-18 03:20:46,linux,0,0,0,False,N/A
2026-07-18 03:20:46,Nurysso,0,0,0,False,N/A
2026-07-18 03:20:46,prtofolio,3,0,3,False,TypeScript
2026-07-18 03:20:46,searxng,0,0,0,False,N/A
2026-07-18 03:20:46,test,0,0,0,False,Python
2026-07-18 03:20:46,tyr,13,1,13,False,Rust
2026-07-18 03:20:46,vanish,21,0,21,False,Go
2026-07-18 03:20:46,Vis-Neuclea,0,0,0,False,TypeScript
2026-07-18 03:20:46,yajl,1,0,1,False,N/A
2026-07-19 03:41:39,bad-epoll,0,0,0,False,N/A
2026-07-19 03:41:39,BinRex,2,0,2,False,TypeScript
2026-07-19 03:41:39,eulix,16,2,16,False,Go
2026-07-19 03:41:39,gin,0,0,0,False,Go
2026-07-19 03:41:39,github-stats,0,0,0,False,Python
2026-07-19 03:41:39,gstrings,0,0,0,False,Go
2026-07-19 03:41:39,Hecate,115,6,115,False,Shell
2026-07-19 03:41:39,Hera,0,0,0,False,TypeScript
2026-07-19 03:41:39,Hermes,1,0,1,False,N/A
2026-07-19 03:41:39,hive,0,0,0,False,N/A
2026-07-19 03:41:39,linux,0,0,0,False,N/A
2026-07-19 03:41:39,Nurysso,0,0,0,False,N/A
2026-07-19 03:41:39,prtofolio,3,0,3,False,TypeScript
2026-07-19 03:41:39,searxng,0,0,0,False,N/A
2026-07-19 03:41:39,test,0,0,0,False,Python
2026-07-19 03:41:39,tyr,13,1,13,False,Rust
2026-07-19 03:41:39,vanish,21,0,21,False,Go
2026-07-19 03:41:39,Vis-Neuclea,0,0,0,False,TypeScript
2026-07-19 03:41:39,yajl,1,0,1,False,N/A
2026-07-20 03:55:22,bad-epoll,0,0,0,False,N/A
2026-07-20 03:55:22,BinRex,2,0,2,False,TypeScript
2026-07-20 03:55:22,eulix,16,2,16,False,Go
2026-07-20 03:55:22,gin,0,0,0,False,Go
2026-07-20 03:55:22,github-stats,0,0,0,False,Python
2026-07-20 03:55:22,gstrings,0,0,0,False,Go
2026-07-20 03:55:22,Hecate,115,6,115,False,Shell
2026-07-20 03:55:22,Hera,0,0,0,False,TypeScript
2026-07-20 03:55:22,Hermes,1,0,1,False,N/A
2026-07-20 03:55:22,hive,0,0,0,False,N/A
2026-07-20 03:55:22,linux,0,0,0,False,N/A
2026-07-20 03:55:22,Nurysso,0,0,0,False,N/A
2026-07-20 03:55:22,prtofolio,3,0,3,False,TypeScript
2026-07-20 03:55:22,searxng,0,0,0,False,N/A
2026-07-20 03:55:22,test,0,0,0,False,Python
2026-07-20 03:55:22,tyr,13,1,13,False,Rust
2026-07-20 03:55:22,vanish,21,0,21,False,Go
2026-07-20 03:55:22,Vis-Neuclea,0,0,0,False,TypeScript
2026-07-20 03:55:22,yajl,1,0,1,False,N/A
2026-07-21 03:34:49,bad-epoll,0,0,0,False,N/A
2026-07-21 03:34:49,BinRex,2,0,2,False,TypeScript
2026-07-21 03:34:49,eulix,16,2,16,False,Go
2026-07-21 03:34:49,gin,0,0,0,False,Go
2026-07-21 03:34:49,github-stats,0,0,0,False,Python
2026-07-21 03:34:49,gstrings,0,0,0,False,Go
2026-07-21 03:34:49,Hecate,115,6,115,False,Shell
2026-07-21 03:34:49,Hera,0,0,0,False,TypeScript
2026-07-21 03:34:49,Hermes,1,0,1,False,N/A
2026-07-21 03:34:49,hive,0,0,0,False,N/A
2026-07-21 03:34:49,linux,0,0,0,False,N/A
2026-07-21 03:34:49,Nurysso,0,0,0,False,N/A
2026-07-21 03:34:49,prtofolio,3,0,3,False,TypeScript
2026-07-21 03:34:49,searxng,0,0,0,False,N/A
2026-07-21 03:34:49,test,0,0,0,False,Python
2026-07-21 03:34:49,tyr,13,1,13,False,Rust
2026-07-21 03:34:49,vanish,21,0,21,False,Go
2026-07-21 03:34:49,Vis-Neuclea,0,0,0,False,TypeScript
2026-07-21 03:34:49,yajl,1,0,1,False,N/A
2026-07-22 03:35:12,bad-epoll,0,0,0,False,N/A
2026-07-22 03:35:12,BinRex,2,0,2,False,TypeScript
2026-07-22 03:35:12,eulix,16,2,16,False,Go
2026-07-22 03:35:12,gin,0,0,0,False,Go
2026-07-22 03:35:12,github-stats,0,0,0,False,Python
2026-07-22 03:35:12,gstrings,0,0,0,False,Go
2026-07-22 03:35:12,Hecate,115,6,115,False,Shell
2026-07-22 03:35:12,Hera,0,0,0,False,TypeScript
2026-07-22 03:35:12,Hermes,1,0,1,False,N/A
2026-07-22 03:35:12,hive,0,0,0,False,N/A
2026-07-22 03:35:12,linux,0,0,0,False,N/A
2026-07-22 03:35:12,Nurysso,0,0,0,False,N/A
2026-07-22 03:35:12,prtofolio,3,0,3,False,TypeScript
2026-07-22 03:35:12,searxng,0,0,0,False,N/A
2026-07-22 03:35:12,test,0,0,0,False,Python
2026-07-22 03:35:12,tyr,13,1,13,False,Rust
2026-07-22 03:35:12,vanish,21,0,21,False,Go
2026-07-22 03:35:12,Vis-Neuclea,0,0,0,False,TypeScript
2026-07-22 03:35:12,yajl,1,0,1,False,N/A
2026-07-23 03:37:07,bad-epoll,0,0,0,False,N/A
2026-07-23 03:37:07,BinRex,2,0,2,False,TypeScript
2026-07-23 03:37:07,eulix,16,2,16,False,Go
2026-07-23 03:37:07,gin,0,0,0,False,Go
2026-07-23 03:37:07,github-stats,0,0,0,False,Python
2026-07-23 03:37:07,gstrings,0,0,0,False,Go
2026-07-23 03:37:07,Hecate,115,6,115,False,Shell
2026-07-23 03:37:07,Hera,0,0,0,False,TypeScript
2026-07-23 03:37:07,Hermes,1,0,1,False,N/A
2026-07-23 03:37:07,hive,0,0,0,False,N/A
2026-07-23 03:37:07,linux,0,0,0,False,N/A
2026-07-23 03:37:07,Nurysso,0,0,0,False,N/A
2026-07-23 03:37:07,prtofolio,3,0,3,False,TypeScript
2026-07-23 03:37:07,searxng,0,0,0,False,N/A
2026-07-23 03:37:07,test,0,0,0,False,Python
2026-07-23 03:37:07,tyr,13,1,13,False,Rust
2026-07-23 03:37:07,vanish,21,0,21,False,Go
2026-07-23 03:37:07,Vis-Neuclea,0,0,0,False,TypeScript
2026-07-23 03:37:07,yajl,1,0,1,False,N/A
2026-07-24 03:34:50,bad-epoll,0,0,0,False,N/A
2026-07-24 03:34:50,BinRex,2,0,2,False,TypeScript
2026-07-24 03:34:50,eulix,16,2,16,False,Go
2026-07-24 03:34:50,gin,0,0,0,False,Go
2026-07-24 03:34:50,github-stats,0,0,0,False,Python
2026-07-24 03:34:50,gstrings,0,0,0,False,Go
2026-07-24 03:34:50,Hecate,115,6,115,False,Shell
2026-07-24 03:34:50,Hera,0,0,0,False,TypeScript
2026-07-24 03:34:50,Hermes,1,0,1,False,N/A
2026-07-24 03:34:50,hive,0,0,0,False,N/A
2026-07-24 03:34:50,linux,0,0,0,False,N/A
2026-07-24 03:34:50,Nurysso,0,0,0,False,N/A
2026-07-24 03:34:50,prtofolio,3,0,3,False,TypeScript
2026-07-24 03:34:50,searxng,0,0,0,False,N/A
2026-07-24 03:34:50,test,0,0,0,False,Python
2026-07-24 03:34:50,tyr,13,1,13,False,Rust
2026-07-24 03:34:50,vanish,21,0,21,False,Go
2026-07-24 03:34:50,Vis-Neuclea,0,0,0,False,TypeScript
2026-07-24 03:34:50,yajl,1,0,1,False,N/A
2026-07-25 03:31:34,bad-epoll,0,0,0,False,N/A
2026-07-25 03:31:34,BinRex,2,0,2,False,TypeScript
2026-07-25 03:31:34,eulix,16,2,16,False,Go
2026-07-25 03:31:34,gin,0,0,0,False,Go
2026-07-25 03:31:34,github-stats,0,0,0,False,Python
2026-07-25 03:31:34,gstrings,0,0,0,False,Go
2026-07-25 03:31:34,Hecate,115,6,115,False,Shell
2026-07-25 03:31:34,Hera,0,0,0,False,TypeScript
2026-07-25 03:31:34,Hermes,1,0,1,False,N/A
2026-07-25 03:31:34,hive,0,0,0,False,N/A
2026-07-25 03:31:34,linux,0,0,0,False,N/A
2026-07-25 03:31:34,Nurysso,0,0,0,False,N/A
2026-07-25 03:31:34,prtofolio,3,0,3,False,TypeScript
2026-07-25 03:31:34,searxng,0,0,0,False,N/A
2026-07-25 03:31:34,test,0,0,0,False,Python
2026-07-25 03:31:34,tyr,13,1,13,False,Rust
2026-07-25 03:31:34,vanish,21,0,21,False,Go
2026-07-25 03:31:34,Vis-Neuclea,0,0,0,False,TypeScript
2026-07-25 03:31:34,yajl,1,0,1,False,N/A
2026-07-26 03:47:33,bad-epoll,0,0,0,False,N/A
2026-07-26 03:47:33,BinRex,2,0,2,False,TypeScript
2026-07-26 03:47:33,eulix,16,2,16,False,Go
2026-07-26 03:47:33,gin,0,0,0,False,Go
2026-07-26 03:47:33,github-stats,0,0,0,False,Python
2026-07-26 03:47:33,gstrings,0,0,0,False,Go
2026-07-26 03:47:33,Hecate,115,6,115,False,Shell
2026-07-26 03:47:33,Hera,0,0,0,False,TypeScript
2026-07-26 03:47:33,Hermes,1,0,1,False,N/A
2026-07-26 03:47:33,hive,0,0,0,False,N/A
2026-07-26 03:47:33,linux,0,0,0,False,N/A
2026-07-26 03:47:33,Nurysso,0,0,0,False,N/A
2026-07-26 03:47:33,prtofolio,3,0,3,False,TypeScript
2026-07-26 03:47:33,searxng,0,0,0,False,N/A
2026-07-26 03:47:33,test,0,0,0,False,Python
2026-07-26 03:47:33,tyr,13,1,13,False,Rust
2026-07-26 03:47:33,vanish,21,0,21,False,Go
2026-07-26 03:47:33,Vis-Neuclea,0,0,0,False,TypeScript
2026-07-26 03:47:33,yajl,1,0,1,False,N/A
2026-07-27 03:55:56,bad-epoll,0,0,0,False,N/A
2026-07-27 03:55:56,BinRex,2,0,2,False,TypeScript
2026-07-27 03:55:56,farasha,16,2,16,False,Go
2026-07-27 03:55:56,gin,0,0,0,False,Go
2026-07-27 03:55:56,github-stats,0,0,0,False,Python
2026-07-27 03:55:56,gstrings,0,0,0,False,Go
2026-07-27 03:55:56,Hecate,115,6,115,False,Shell
2026-07-27 03:55:56,Hera,0,0,0,False,TypeScript
2026-07-27 03:55:56,Hermes,1,0,1,False,N/A
2026-07-27 03:55:56,hive,0,0,0,False,N/A
2026-07-27 03:55:56,linux,0,0,0,False,N/A
2026-07-27 03:55:56,Nurysso,0,0,0,False,N/A
2026-07-27 03:55:56,prtofolio,3,0,3,False,TypeScript
2026-07-27 03:55:56,searxng,0,0,0,False,N/A
2026-07-27 03:55:56,test,0,0,0,False,Python
2026-07-27 03:55:56,tyr,13,1,13,False,Rust
2026-07-27 03:55:56,vanish,21,0,21,False,Go
2026-07-27 03:55:56,Vis-Neuclea,0,0,0,False,TypeScript
2026-07-27 03:55:56,yajl,1,0,1,False,N/A
2026-07-28 03:27:14,bad-epoll,0,0,0,False,N/A
2026-07-28 03:27:14,BinRex,2,0,2,False,TypeScript
2026-07-28 03:27:14,farasha,16,2,16,False,Go
2026-07-28 03:27:14,gin,0,0,0,False,Go
2026-07-28 03:27:14,github-stats,0,0,0,False,Python
2026-07-28 03:27:14,gstrings,0,0,0,False,Go
2026-07-28 03:27:14,Hecate,115,6,115,False,Shell
2026-07-28 03:27:14,Hera,0,0,0,False,TypeScript
2026-07-28 03:27:14,Hermes,1,0,1,False,N/A
2026-07-28 03:27:14,hive,0,0,0,False,N/A
2026-07-28 03:27:14,linux,0,0,0,False,N/A
2026-07-28 03:27:14,Nurysso,0,0,0,False,N/A
2026-07-28 03:27:14,prtofolio,3,0,3,False,TypeScript
2026-07-28 03:27:14,searxng,0,0,0,False,N/A
2026-07-28 03:27:14,test,0,0,0,False,Python
2026-07-28 03:27:14,tyr,13,1,13,False,Rust
2026-07-28 03:27:14,vanish,21,0,21,False,Go
2026-07-28 03:27:14,Vis-Neuclea,0,0,0,False,TypeScript
2026-07-28 03:27:14,yajl,1,0,1,False,N/A
2026-07-29 03:29:30,bad-epoll,0,0,0,False,N/A
2026-07-29 03:29:30,BinRex,2,0,2,False,TypeScript
2026-07-29 03:29:30,farasha,16,2,16,False,Go
2026-07-29 03:29:30,gin,0,0,0,False,Go
2026-07-29 03:29:30,github-stats,0,0,0,False,Python
2026-07-29 03:29:30,gstrings,0,0,0,False,Go
2026-07-29 03:29:30,Hecate,115,6,115,False,Shell
2026-07-29 03:29:30,Hera,0,0,0,False,TypeScript
2026-07-29 03:29:30,Hermes,1,0,1,False,N/A
2026-07-29 03:29:30,hive,0,0,0,False,N/A
2026-07-29 03:29:30,linux,0,0,0,False,N/A
2026-07-29 03:29:30,Nurysso,0,0,0,False,N/A
2026-07-29 03:29:30,prtofolio,3,0,3,False,TypeScript
2026-07-29 03:29:30,searxng,0,0,0,False,N/A
2026-07-29 03:29:30,test,0,0,0,False,Python
2026-07-29 03:29:30,tyr,13,1,13,False,Rust
2026-07-29 03:29:30,vanish,21,0,21,False,Go
2026-07-29 03:29:30,Vis-Neuclea,0,0,0,False,TypeScript
2026-07-29 03:29:30,yajl,1,0,1,False,N/A
2026-07-30 03:17:10,bad-epoll,0,0,0,False,N/A
2026-07-30 03:17:10,BinRex,2,0,2,False,TypeScript
2026-07-30 03:17:10,farasha,15,2,15,False,Go
2026-07-30 03:17:10,gin,0,0,0,False,Go
2026-07-30 03:17:10,github-stats,0,0,0,False,Python
2026-07-30 03:17:10,gstrings,0,0,0,False,Go
2026-07-30 03:17:10,Hecate,115,6,115,False,Shell
2026-07-30 03:17:10,Hera,0,0,0,False,TypeScript
2026-07-30 03:17:10,Hermes,1,0,1,False,N/A
2026-07-30 03:17:10,hive,0,0,0,False,N/A
2026-07-30 03:17:10,linux,0,0,0,False,N/A
2026-07-30 03:17:10,Nurysso,0,0,0,False,N/A
2026-07-30 03:17:10,prtofolio,3,0,3,False,TypeScript
2026-07-30 03:17:10,searxng,0,0,0,False,N/A
2026-07-30 03:17:10,test,0,0,0,False,Python
2026-07-30 03:17:10,tyr,13,1,13,False,Rust
2026-07-30 03:17:10,vanish,21,0,21,False,Go
2026-07-30 03:17:10,Vis-Neuclea,0,0,0,False,TypeScript
2026-07-30 03:17:10,yajl,1,0,1,False,N/A
2026-07-31 03:44:09,bad-epoll,0,0,0,False,N/A
2026-07-31 03:44:09,BinRex,2,0,2,False,TypeScript
2026-07-31 03:44:09,eulix,15,2,15,False,Go
2026-07-31 03:44:09,gin,0,0,0,False,Go
2026-07-31 03:44:09,github-stats,0,0,0,False,Python
2026-07-31 03:44:09,gstrings,0,0,0,False,Go
2026-07-31 03:44:09,Hecate,115,6,115,False,Shell
2026-07-31 03:44:09,Hera,0,0,0,False,TypeScript
2026-07-31 03:44:09,Hermes,1,0,1,False,N/A
2026-07-31 03:44:09,hive,0,0,0,False,N/A
2026-07-31 03:44:09,linux,0,0,0,False,N/A
2026-07-31 03:44:09,Nurysso,0,0,0,False,N/A
2026-07-31 03:44:09,prtofolio,3,0,3,False,TypeScript
2026-07-31 03:44:09,searxng,0,0,0,False,N/A
2026-07-31 03:44:09,test,0,0,0,False,Python
2026-07-31 03:44:09,tyr,13,1,13,False,Rust
2026-07-31 03:44:09,vanish,21,0,21,False,Go
2026-07-31 03:44:09,Vis-Neuclea,0,0,0,False,TypeScript
2026-07-31 03:44:09,yajl,1,0,1,False,N/A
2026-08-01 03:43:19,bad-epoll,0,0,0,False,N/A
2026-08-01 03:43:19,BinRex,2,0,2,False,TypeScript
2026-08-01 03:43:19,eulix,15,2,15,False,Go
2026-08-01 03:43:19,gin,0,0,0,False,Go
2026-08-01 03:43:19,github-stats,0,0,0,False,Python
2026-08-01 03:43:19,gstrings,0,0,0,False,Go
2026-08-01 03:43:19,Hecate,115,6,115,False,Shell
2026-08-01 03:43:19,Hera,0,0,0,False,TypeScript
2026-08-01 03:43:19,Hermes,1,0,1,False,N/A
2026-08-01 03:43:19,hive,0,0,0,False,N/A
2026-08-01 03:43:19,linux,0,0,0,False,N/A
2026-08-01 03:43:19,Nurysso,0,0,0,False,N/A
2026-08-01 03:43:19,prtofolio,3,0,3,False,TypeScript
2026-08-01 03:43:19,searxng,0,0,0,False,N/A
2026-08-01 03:43:19,test,0,0,0,False,Python
2026-08-01 03:43:19,tyr,13,1,13,False,Rust
2026-08-01 03:43:19,vanish,21,0,21,False,Go
2026-08-01 03:43:19,Vis-Neuclea,0,0,0,False,TypeScript
2026-08-01 03:43:19,yajl,1,0,1,False,N/A
2026-08-02 03:43:47,bad-epoll,0,0,0,False,N/A
2026-08-02 03:43:47,BinRex,2,0,2,False,TypeScript
2026-08-02 03:43:47,eulix,15,2,15,False,Go
2026-08-02 03:43:47,gin,0,0,0,False,Go
2026-08-02 03:43:47,github-stats,0,0,0,False,Python
2026-08-02 03:43:47,gstrings,0,0,0,False,Go
2026-08-02 03:43:47,Hecate,115,6,115,False,Shell
2026-08-02 03:43:47,Hera,0,0,0,False,TypeScript
2026-08-02 03:43:47,Hermes,1,0,1,False,N/A
2026-08-02 03:43:47,hive,0,0,0,False,N/A
2026-08-02 03:43:47,linux,0,0,0,False,N/A
2026-08-02 03:43:47,Nurysso,0,0,0,False,N/A
2026-08-02 03:43:47,prtofolio,3,0,3,False,TypeScript
2026-08-02 03:43:47,searxng,0,0,0,False,N/A
2026-08-02 03:43:47,test,0,0,0,False,Python
2026-08-02 03:43:47,tyr,13,1,13,False,Rust
2026-08-02 03:43:47,vanish,21,0,21,False,Go
2026-08-02 03:43:47,Vis-Neuclea,0,0,0,False,TypeScript
2026-08-02 03:43:47,yajl,1,0,1,False,N/A
2026-08-03 03:46:14,bad-epoll,0,0,0,False,N/A
2026-08-03 03:46:14,BinRex,2,0,2,False,TypeScript
2026-08-03 03:46:14,eulix,15,2,15,False,Rust
2026-08-03 03:46:14,gin,0,0,0,False,Go
2026-08-03 03:46:14,github-stats,0,0,0,False,Python
2026-08-03 03:46:14,gstrings,0,0,0,False,Go
2026-08-03 03:46:14,Hecate,115,6,115,False,Shell
2026-08-03 03:46:14,Hera,0,0,0,False,TypeScript
2026-08-03 03:46:14,Hermes,1,0,1,False,N/A
2026-08-03 03:46:14,hive,0,0,0,False,N/A
2026-08-03 03:46:14,linux,0,0,0,False,N/A
2026-08-03 03:46:14,Nurysso,0,0,0,False,N/A
2026-08-03 03:46:14,prtofolio,3,0,3,False,TypeScript
2026-08-03 03:46:14,searxng,0,0,0,False,N/A
2026-08-03 03:46:14,test,0,0,0,False,Python
2026-08-03 03:46:14,tyr,13,1,13,False,Rust
2026-08-03 03:46:14,vanish,21,0,21,False,Go
2026-08-03 03:46:14,Vis-Neuclea,0,0,0,False,TypeScript
2026-08-03 03:46:14,yajl,1,0,1,False,N/A
2026-08-04 03:29:49,bad-epoll,0,0,0,False,N/A
2026-08-04 03:29:49,BinRex,2,0,2,False,TypeScript
2026-08-04 03:29:49,eulix,15,2,15,False,Rust
2026-08-04 03:29:49,gin,0,0,0,False,Go
2026-08-04 03:29:49,github-stats,0,0,0,False,Python
2026-08-04 03:29:49,gstrings,0,0,0,False,Go
2026-08-04 03:29:49,Hecate,115,6,115,False,Shell
2026-08-04 03:29:49,Hera,0,0,0,False,TypeScript
2026-08-04 03:29:49,Hermes,1,0,1,False,N/A
2026-08-04 03:29:49,hive,0,0,0,False,N/A
2026-08-04 03:29:49,linux,0,0,0,False,N/A
2026-08-04 03:29:49,Nurysso,0,0,0,False,N/A
2026-08-04 03:29:49,prtofolio,3,0,3,False,TypeScript
2026-08-04 03:29:49,searxng,0,0,0,False,N/A
2026-08-04 03:29:49,test,0,0,0,False,Python
2026-08-04 03:29:49,tyr,13,1,13,False,Rust
2026-08-04 03:29:49,vanish,21,0,21,False,Go
2026-08-04 03:29:49,Vis-Neuclea,0,0,0,False,TypeScript
2026-08-04 03:29:49,yajl,1,0,1,False,N/A
2026-08-05 03:25:02,bad-epoll,0,0,0,False,N/A
2026-08-05 03:25:02,BinRex,2,0,2,False,TypeScript
2026-08-05 03:25:02,eulix,15,2,15,False,Rust
2026-08-05 03:25:02,gin,0,0,0,False,Go
2026-08-05 03:25:02,github-stats,0,0,0,False,Python
2026-08-05 03:25:02,gstrings,0,0,0,False,Go
2026-08-05 03:25:02,Hecate,115,6,115,False,Shell
2026-08-05 03:25:02,Hera,0,0,0,False,TypeScript
2026-08-05 03:25:02,Hermes,1,0,1,False,N/A
2026-08-05 03:25:02,hive,0,0,0,False,N/A
2026-08-05 03:25:02,linux,0,0,0,False,N/A
2026-08-05 03:25:02,Nurysso,0,0,0,False,N/A
2026-08-05 03:25:02,prtofolio,3,0,3,False,TypeScript
2026-08-05 03:25:02,searxng,0,0,0,False,N/A
2026-08-05 03:25:02,test,0,0,0,False,Python
2026-08-05 03:25:02,tyr,13,1,13,False,Rust
2026-08-05 03:25:02,vanish,21,0,21,False,Go
2026-08-05 03:25:02,Vis-Neuclea,0,0,0,False,TypeScript
2026-08-05 03:25:02,yajl,1,0,1,False,N/A
2026-08-06 03:28:11,bad-epoll,0,0,0,False,N/A
2026-08-06 03:28:11,BinRex,2,0,2,False,TypeScript
2026-08-06 03:28:11,eulix,16,2,16,False,Go
2026-08-06 03:28:11,gin,0,0,0,False,Go
2026-08-06 03:28:11,github-stats,0,0,0,False,Python
2026-08-06 03:28:11,gstrings,0,0,0,False,Go
2026-08-06 03:28:11,Hecate,115,6,115,False,Shell
2026-08-06 03:28:11,Hera,0,0,0,False,TypeScript
2026-08-06 03:28:11,Hermes,1,0,1,False,N/A
2026-08-06 03:28:11,hive,0,0,0,False,N/A
2026-08-06 03:28:11,linux,0,0,0,False,N/A
2026-08-06 03:28:11,Nurysso,0,0,0,False,N/A
2026-08-06 03:28:11,prtofolio,3,0,3,False,TypeScript
2026-08-06 03:28:11,searxng,0,0,0,False,N/A
2026-08-06 03:28:11,test,0,0,0,False,Python
2026-08-06 03:28:11,tyr,13,1,13,False,Rust
2026-08-06 03:28:11,vanish,21,0,21,False,Go
2026-08-06 03:28:11,Vis-Neuclea,0,0,0,False,TypeScript
2026-08-06 03:28:11,yajl,1,0,1,False,N/A
2026-08-06 04:11:58,bad-epoll,0,0,0,False,N/A
2026-08-06 04:11:58,BinRex,2,0,2,False,TypeScript
2026-08-06 04:11:58,eulix,16,2,16,False,Go
2026-08-06 04:11:58,gin,0,0,0,False,Go
2026-08-06 04:11:58,github-stats,0,0,0,False,Python
2026-08-06 04:11:58,gstrings,0,0,0,False,Go
2026-08-06 04:11:58,Hecate,115,6,115,False,Shell
2026-08-06 04:11:58,Hera,0,0,0,False,TypeScript
2026-08-06 04:11:58,Hermes,1,0,1,False,N/A
2026-08-06 04:11:58,hive,0,0,0,False,N/A
2026-08-06 04:11:58,linux,0,0,0,False,N/A
2026-08-06 04:11:58,Nurysso,0,0,0,False,N/A
2026-08-06 04:11:58,prtofolio,3,0,3,False,TypeScript
2026-08-06 04:11:58,searxng,0,0,0,False,N/A
2026-08-06 04:11:58,test,0,0,0,False,Python
2026-08-06 04:11:58,tyr,13,1,13,False,Rust
2026-08-06 04:11:58,vanish,21,0,21,False,Go
2026-08-06 04:11:58,Vis-Neuclea,0,0,0,False,TypeScript
2026-08-06 04:11:58,yajl,1,0,1,False,N/A
2026-08-06 04:14:58,bad-epoll,0,0,0,False,N/A
2026-08-06 04:14:58,BinRex,2,0,2,False,TypeScript
2026-08-06 04:14:58,eulix,16,2,16,False,Go
2026-08-06 04:14:58,gin,0,0,0,False,Go
2026-08-06 04:14:58,github-stats,0,0,0,False,Python
2026-08-06 04:14:58,gstrings,0,0,0,False,Go
2026-08-06 04:14:58,Hecate,115,6,115,False,Shell
2026-08-06 04:14:58,Hera,0,0,0,False,TypeScript
2026-08-06 04:14:58,Hermes,1,0,1,False,N/A
2026-08-06 04:14:58,hive,0,0,0,False,N/A
2026-08-06 04:14:58,linux,0,0,0,False,N/A
2026-08-06 04:14:58,Nurysso,0,0,0,False,N/A
2026-08-06 04:14:58,prtofolio,3,0,3,False,TypeScript
2026-08-06 04:14:58,searxng,0,0,0,False,N/A
2026-08-06 04:14:58,test,0,0,0,False,Python
2026-08-06 04:14:58,tyr,13,1,13,False,Rust
2026-08-06 04:14:58,vanish,21,0,21,False,Go
2026-08-06 04:14:58,Vis-Neuclea,0,0,0,False,TypeScript
2026-08-06 04:14:58,yajl,1,0,1,False,N/A
2026-08-07 03:12:06,bad-epoll,0,0,0,False,N/A
2026-08-07 03:12:06,BinRex,2,0,2,False,TypeScript
2026-08-07 03:12:06,eulix,16,2,16,False,Go
2026-08-07 03:12:06,gin,0,0,0,False,Go
2026-08-07 03:12:06,github-stats,0,0,0,False,Python
2026-08-07 03:12:06,gstrings,0,0,0,False,Go
2026-08-07 03:12:06,Hecate,115,6,115,False,Shell
2026-08-07 03:12:06,Hera,0,0,0,False,TypeScript
2026-08-07 03:12:06,Hermes,1,0,1,False,N/A
2026-08-07 03:12:06,hive,0,0,0,False,N/A
2026-08-07 03:12:06,linux,0,0,0,False,N/A
2026-08-07 03:12:06,Nurysso,0,0,0,False,N/A
2026-08-07 03:12:06,openshorts,0,0,0,False,N/A
2026-08-07 03:12:06,prtofolio,3,0,3,False,TypeScript
2026-08-07 03:12:06,searxng,0,0,0,False,Python
2026-08-07 03:12:06,test,0,0,0,False,Python
2026-08-07 03:12:06,tyr,13,1,13,False,Rust
2026-08-07 03:12:06,vanish,21,0,21,False,Go
2026-08-07 03:12:06,Vis-Neuclea,0,0,0,False,TypeScript
2026-08-07 03:12:06,yajl,1,0,1,False,N/A
2026-08-08 02:12:26,bad-epoll,0,0,0,False,N/A
2026-08-08 02:12:26,BinRex,2,0,2,False,TypeScript
2026-08-08 02:12:26,eulix,16,2,16,False,Go
2026-08-08 02:12:26,gin,0,0,0,False,Go
2026-08-08 02:12:26,github-stats,0,0,0,False,Python
2026-08-08 02:12:26,gstrings,0,0,0,False,Go
2026-08-08 02:12:26,Hecate,117,6,117,False,Shell
2026-08-08 02:12:26,Hera,0,0,0,False,TypeScript
2026-08-08 02:12:26,Hermes,1,0,1,False,N/A
2026-08-08 02:12:26,hive,0,0,0,False,N/A
2026-08-08 02:12:26,linux,0,0,0,False,N/A
2026-08-08 02:12:26,Nurysso,0,0,0,False,N/A
2026-08-08 02:12:26,openshorts,0,0,0,False,N/A
2026-08-08 02:12:26,prtofolio,3,0,3,False,TypeScript
2026-08-08 02:12:26,searxng,0,0,0,False,Python
2026-08-08 02:12:26,test,0,0,0,False,Python
2026-08-08 02:12:26,tyr,13,1,13,False,Rust
2026-08-08 02:12:26,vanish,21,0,21,False,Go
2026-08-08 02:12:26,Vis-Neuclea,0,0,0,False,TypeScript
2026-08-08 02:12:26,yajl,1,0,1,False,N/A
2026-08-09 02:22:48,bad-epoll,0,0,0,False,N/A
2026-08-09 02:22:48,BinRex,2,0,2,False,TypeScript
2026-08-09 02:22:48,eulix,16,2,16,False,Go
2026-08-09 02:22:48,gin,0,0,0,False,Go
2026-08-09 02:22:48,github-stats,0,0,0,False,Python
2026-08-09 02:22:48,gstrings,0,0,0,False,Go
2026-08-09 02:22:48,Hecate,117,6,117,False,Shell
2026-08-09 02:22:48,Hera,0,0,0,False,TypeScript
2026-08-09 02:22:48,Hermes,1,0,1,False,N/A
2026-08-09 02:22:48,hive,0,0,0,False,N/A
2026-08-09 02:22:48,linux,0,0,0,False,N/A
2026-08-09 02:22:48,Nurysso,0,0,0,False,N/A
2026-08-09 02:22:48,openshorts,0,0,0,False,N/A
2026-08-09 02:22:48,prtofolio,3,0,3,False,TypeScript
2026-08-09 02:22:48,searxng,0,0,0,False,Python
2026-08-09 02:22:48,test,0,0,0,False,Python
2026-08-09 02:22:48,tyr,13,1,13,False,Rust
2026-08-09 02:22:48,vanish,21,0,21,False,Go
2026-08-09 02:22:48,Vis-Neuclea,0,0,0,False,TypeScript
2026-08-09 02:22:48,yajl,1,0,1,False,N/A
2026-08-10 02:27:36,bad-epoll,0,0,0,False,N/A
2026-08-10 02:27:36,BinRex,2,0,2,False,TypeScript
2026-08-10 02:27:36,eulix,16,2,16,False,Go
2026-08-10 02:27:36,gin,0,0,0,False,Go
2026-08-10 02:27:36,github-stats,0,0,0,False,Python
2026-08-10 02:27:36,gstrings,0,0,0,False,Go
2026-08-10 02:27:36,Hecate,118,6,118,False,Shell
2026-08-10 02:27:36,Hera,0,0,0,False,TypeScript
2026-08-10 02:27:36,Hermes,1,0,1,False,N/A
2026-08-10 02:27:36,hive,0,0,0,False,N/A
2026-08-10 02:27:36,linux,0,0,0,False,N/A
2026-08-10 02:27:36,Nurysso,0,0,0,False,N/A
2026-08-10 02:27:36,openshorts,0,0,0,False,N/A
2026-08-10 02:27:36,prtofolio,3,0,3,False,TypeScript
2026-08-10 02:27:36,searxng,0,0,0,False,Python
2026-08-10 02:27:36,test,0,0,0,False,Python
2026-08-10 02:27:36,tyr,13,1,13,False,Rust
2026-08-10 02:27:36,vanish,21,0,21,False,Go
2026-08-10 02:27:36,Vis-Neuclea,0,0,0,False,TypeScript
2026-08-10 02:27:36,yajl,1,0,1,False,N/A
2026-08-11 02:21:00,bad-epoll,0,0,0,False,N/A
2026-08-11 02:21:00,BinRex,2,0,2,False,TypeScript
2026-08-11 02:21:00,eulix,16,2,16,False,Go
2026-08-11 02:21:00,gin,0,0,0,False,Go
2026-08-11 02:21:00,github-stats,0,0,0,False,Python
2026-08-11 02:21:00,gstrings,0,0,0,False,Go
2026-08-11 02:21:00,Hecate,118,6,118,False,Shell
2026-08-11 02:21:00,Hera,0,0,0,False,TypeScript
2026-08-11 02:21:00,Hermes,1,0,1,False,N/A
2026-08-11 02:21:00,hive,0,0,0,False,N/A
2026-08-11 02:21:00,linux,0,0,0,False,N/A
2026-08-11 02:21:00,Nurysso,0,0,0,False,N/A
2026-08-11 02:21:00,openshorts,0,0,0,False,N/A
2026-08-11 02:21:00,prtofolio,3,0,3,False,TypeScript
2026-08-11 02:21:00,searxng,0,0,0,False,Python
2026-08-11 02:21:00,test,0,0,0,False,Python
2026-08-11 02:21:00,tyr,13,1,13,False,Rust
2026-08-11 02:21:00,vanish,21,0,21,False,Go
2026-08-11 02:21:00,Vis-Neuclea,0,0,0,False,TypeScript
2026-08-11 02:21:00,yajl,1,0,1,False,N/A
2026-08-12 02:36:23,bad-epoll,0,0,0,False,N/A
2026-08-12 02:36:23,BinRex,2,0,2,False,TypeScript
2026-08-12 02:36:23,eulix,16,2,16,False,Go
2026-08-12 02:36:23,gin,0,0,0,False,Go
2026-08-12 02:36:23,github-stats,0,0,0,False,Python
2026-08-12 02:36:23,gstrings,0,0,0,False,Go
2026-08-12 02:36:23,Hecate,118,6,118,False,Shell
2026-08-12 02:36:23,Hera,0,0,0,False,TypeScript
2026-08-12 02:36:23,Hermes,1,0,1,False,N/A
2026-08-12 02:36:23,hive,0,0,0,False,N/A
2026-08-12 02:36:23,linux,0,0,0,False,N/A
2026-08-12 02:36:23,Nurysso,0,0,0,False,N/A
2026-08-12 02:36:23,openshorts,0,0,0,False,N/A
2026-08-12 02:36:23,prtofolio,3,0,3,False,TypeScript
2026-08-12 02:36:23,searxng,0,0,0,False,Python
2026-08-12 02:36:23,test,0,0,0,False,Python
2026-08-12 02:36:23,tyr,13,1,13,False,Rust
2026-08-12 02:36:23,vanish,21,0,21,False,Go
2026-08-12 02:36:23,Vis-Neuclea,0,0,0,False,TypeScript
2026-08-12 02:36:23,yajl,1,0,1,False,N/A
2026-08-13 02:38:28,bad-epoll,0,0,0,False,N/A
2026-08-13 02:38:28,BinRex,2,0,2,False,TypeScript
2026-08-13 02:38:28,eulix,16,2,16,False,Go
2026-08-13 02:38:28,gin,0,0,0,False,Go
2026-08-13 02:38:28,github-stats,0,0,0,False,Python
2026-08-13 02:38:28,gstrings,0,0,0,False,Go
2026-08-13 02:38:28,Hecate,118,6,118,False,Shell
2026-08-13 02:38:28,Hera,0,0,0,False,TypeScript
2026-08-13 02:38:28,Hermes,1,0,1,False,N/A
2026-08-13 02:38:28,hive,0,0,0,False,N/A
2026-08-13 02:38:28,linux,0,0,0,False,N/A
2026-08-13 02:38:28,Nurysso,0,0,0,False,N/A
2026-08-13 02:38:28,openshorts,0,0,0,False,N/A
2026-08-13 02:38:28,prtofolio,3,0,3,False,TypeScript
2026-08-13 02:38:28,searxng,0,0,0,False,Python
2026-08-13 02:38:28,test,0,0,0,False,Python
2026-08-13 02:38:28,tyr,13,1,13,False,Rust
2026-08-13 02:38:28,vanish,21,0,21,False,Go
2026-08-13 02:38:28,Vis-Neuclea,0,0,0,False,TypeScript
2026-08-13 02:38:28,yajl,1,0,1,False,N/A
2026-08-14 02:36:39,bad-epoll,0,0,0,False,N/A
2026-08-14 02:36:39,BinRex,2,0,2,False,TypeScript
2026-08-14 02:36:39,eulix,16,2,16,False,Go
2026-08-14 02:36:39,gin,0,0,0,False,Go
2026-08-14 02:36:39,github-stats,0,0,0,False,Python
2026-08-14 02:36:39,gstrings,0,0,0,False,Go
2026-08-14 02:36:39,Hecate,119,6,119,False,Shell
2026-08-14 02:36:39,Hera,0,0,0,False,TypeScript
2026-08-14 02:36:39,Hermes,1,0,1,False,N/A
2026-08-14 02:36:39,hive,0,0,0,False,N/A
2026-08-14 02:36:39,linux,0,0,0,False,N/A
2026-08-14 02:36:39,Nurysso,0,0,0,False,N/A
2026-08-14 02:36:39,openshorts,0,0,0,False,N/A
2026-08-14 02:36:39,prtofolio,3,0,3,False,TypeScript
2026-08-14 02:36:39,searxng,0,0,0,False,Python
2026-08-14 02:36:39,test,0,0,0,False,Python
2026-08-14 02:36:39,tyr,13,1,13,False,Rust
2026-08-14 02:36:39,vanish,21,0,21,False,Go
2026-08-14 02:36:39,Vis-Neuclea,0,0,0,False,TypeScript
2026-08-14 02:36:39,yajl,1,0,1,False,N/A
2026-08-15 01:44:30,bad-epoll,0,0,0,False,N/A
2026-08-15 01:44:30,BinRex,2,0,2,False,TypeScript
2026-08-15 01:44:30,eulix,16,2,16,False,Go
2026-08-15 01:44:30,gin,0,0,0,False,Go
2026-08-15 01:44:30,github-stats,0,0,0,False,Python
2026-08-15 01:44:30,gstrings,0,0,0,False,Go
2026-08-15 01:44:30,Hecate,120,6,120,False,Shell
2026-08-15 01:44:30,Hera,0,0,0,False,TypeScript
2026-08-15 01:44:30,Hermes,1,0,1,False,N/A
2026-08-15 01:44:30,hive,0,0,0,False,N/A
2026-08-15 01:44:30,linux,0,0,0,False,N/A
2026-08-15 01:44:30,Nurysso,0,0,0,False,N/A
2026-08-15 01:44:30,openshorts,0,0,0,False,N/A
2026-08-15 01:44:30,prtofolio,3,0,3,False,TypeScript
2026-08-15 01:44:30,searxng,0,0,0,False,Python
2026-08-15 01:44:30,test,0,0,0,False,Python
2026-08-15 01:44:30,tyr,14,1,14,False,Rust
2026-08-15 01:44:30,vanish,21,0,21,False,Go
2026-08-15 01:44:30,Vis-Neuclea,0,0,0,False,TypeScript
2026-08-15 01:44:30,yajl,1,0,1,False,N/A
2026-08-16 01:53:11,bad-epoll,0,0,0,False,N/A
2026-08-16 01:53:11,BinRex,2,0,2,False,TypeScript
2026-08-16 01:53:11,eulix,16,2,16,False,Go
2026-08-16 01:53:11,gin,0,0,0,False,Go
2026-08-16 01:53:11,github-stats,0,0,0,False,Python
2026-08-16 01:53:11,gstrings,0,0,0,False,Go
2026-08-16 01:53:11,Hecate,121,6,121,False,Shell
2026-08-16 01:53:11,Hera,0,0,0,False,TypeScript
2026-08-16 01:53:11,Hermes,1,0,1,False,N/A
2026-08-16 01:53:11,hive,0,0,0,False,N/A
2026-08-16 01:53:11,linux,0,0,0,False,N/A
2026-08-16 01:53:11,Nurysso,0,0,0,False,N/A
2026-08-16 01:53:11,openshorts,0,0,0,False,N/A
2026-08-16 01:53:11,prtofolio,3,0,3,False,TypeScript
2026-08-16 01:53:11,searxng,0,0,0,False,Python
2026-08-16 01:53:11,test,0,0,0,False,Python
2026-08-16 01:53:11,tyr,14,1,14,False,Rust
2026-08-16 01:53:11,vanish,21,0,21,False,Go
2026-08-16 01:53:11,Vis-Neuclea,0,0,0,False,TypeScript
2026-08-16 01:53:11,yajl,1,0,1,False,N/A
2026-08-17 01:50:20,bad-epoll,0,0,0,False,N/A
2026-08-17 01:50:20,BinRex,2,0,2,False,TypeScript
2026-08-17 01:50:20,eulix,16,2,16,False,Go
2026-08-17 01:50:20,gin,0,0,0,False,Go
2026-08-17 01:50:20,github-stats,0,0,0,False,Python
2026-08-17 01:50:20,gstrings,0,0,0,False,Go
2026-08-17 01:50:20,Hecate,121,6,121,False,Shell
2026-08-17 01:50:20,Hera,0,0,0,False,TypeScript
2026-08-17 01:50:20,Hermes,1,0,1,False,N/A
2026-08-17 01:50:20,hive,0,0,0,False,N/A
2026-08-17 01:50:20,linux,0,0,0,False,N/A
2026-08-17 01:50:20,Nurysso,0,0,0,False,N/A
2026-08-17 01:50:20,openshorts,0,0,0,False,N/A
2026-08-17 01:50:20,prtofolio,3,0,3,False,TypeScript
2026-08-17 01:50:20,searxng,0,0,0,False,Python
2026-08-17 01:50:20,test,0,0,0,False,Python
2026-08-17 01:50:20,tyr,14,1,14,False,Rust
2026-08-17 01:50:20,vanish,21,0,21,False,Go
2026-08-17 01:50:20,Vis-Neuclea,0,0,0,False,TypeScript
2026-08-17 01:50:20,yajl,1,0,1,False,N/A
2026-08-18 01:45:22,bad-epoll,0,0,0,False,N/A
2026-08-18 01:45:22,BinRex,2,0,2,False,TypeScript
2026-08-18 01:45:22,eulix,16,2,16,False,Go
2026-08-18 01:45:22,gin,0,0,0,False,Go
2026-08-18 01:45:22,github-stats,0,0,0,False,Python
2026-08-18 01:45:22,gstrings,0,0,0,False,Go
2026-08-18 01:45:22,Hecate,121,6,121,False,Shell
2026-08-18 01:45:22,Hera,0,0,0,False,TypeScript
2026-08-18 01:45:22,Hermes,1,0,1,False,N/A
2026-08-18 01:45:22,hive,0,0,0,False,N/A
2026-08-18 01:45:22,linux,0,0,0,False,N/A
2026-08-18 01:45:22,Nurysso,0,0,0,False,N/A
2026-08-18 01:45:22,openshorts,0,0,0,False,N/A
2026-08-18 01:45:22,prtofolio,3,0,3,False,TypeScript
2026-08-18 01:45:22,searxng,0,0,0,False,Python
2026-08-18 01:45:22,test,0,0,0,False,Python
2026-08-18 01:45:22,tyr,14,1,14,False,Rust
2026-08-18 01:45:22,vanish,21,0,21,False,Go
2026-08-18 01:45:22,Vis-Neuclea,0,0,0,False,TypeScript
2026-08-18 01:45:22,yajl,1,0,1,False,N/A
2026-08-19 01:47:15,bad-epoll,0,0,0,False,N/A
2026-08-19 01:47:15,BinRex,2,0,2,False,TypeScript
2026-08-19 01:47:15,deepseek-harness,0,0,0,False,N/A
2026-08-19 01:47:15,eulix,16,2,16,False,Go
2026-08-19 01:47:15,gin,0,0,0,False,Go
2026-08-19 01:47:15,github-stats,0,0,0,False,Python
2026-08-19 01:47:15,gstrings,0,0,0,False,Go
2026-08-19 01:47:15,Hecate,121,6,121,False,Shell
2026-08-19 01:47:15,Hera,0,0,0,False,TypeScript
2026-08-19 01:47:15,Hermes,1,0,1,False,N/A
2026-08-19 01:47:15,hive,0,0,0,False,N/A
2026-08-19 01:47:15,linux,0,0,0,False,N/A
2026-08-19 01:47:15,Nurysso,0,0,0,False,N/A
2026-08-19 01:47:15,openshorts,0,0,0,False,N/A
2026-08-19 01:47:15,prtofolio,3,0,3,False,TypeScript
2026-08-19 01:47:15,searxng,0,0,0,False,Python
2026-08-19 01:47:15,test,0,0,0,False,Python
2026-08-19 01:47:15,tyr,14,1,14,False,Rust
2026-08-19 01:47:15,vanish,21,0,21,False,Go
2026-08-19 01:47:15,Vis-Neuclea,0,0,0,False,TypeScript
2026-08-19 01:47:15,yajl,1,0,1,False,N/A
2026-08-20 01:46:16,bad-epoll,0,0,0,False,N/A
2026-08-20 01:46:16,BinRex,2,0,2,False,TypeScript
2026-08-20 01:46:16,deepseek-harness,0,0,0,False,N/A
2026-08-20 01:46:16,eulix,16,2,16,False,Go
2026-08-20 01:46:16,gin,0,0,0,False,Go
2026-08-20 01:46:16,github-stats,0,0,0,False,Python
2026-08-20 01:46:16,gstrings,0,0,0,False,Go
2026-08-20 01:46:16,Hecate,121,6,121,False,Shell
2026-08-20 01:46:16,Hera,0,0,0,False,TypeScript
2026-08-20 01:46:16,Hermes,1,0,1,False,N/A
2026-08-20 01:46:16,hive,0,0,0,False,N/A
2026-08-20 01:46:16,linux,0,0,0,False,N/A
2026-08-20 01:46:16,Nurysso,0,0,0,False,N/A
2026-08-20 01:46:16,openshorts,0,0,0,False,N/A
2026-08-20 01:46:16,prtofolio,3,0,3,False,TypeScript
2026-08-20 01:46:16,searxng,0,0,0,False,Python
2026-08-20 01:46:16,test,0,0,0,False,Python
2026-08-20 01:46:16,tyr,14,1,14,False,Rust
2026-08-20 01:46:16,vanish,21,0,21,False,Go
2026-08-20 01:46:16,Vis-Neuclea,0,0,0,False,TypeScript
2026-08-20 01:46:16,yajl,1,0,1,False,N/A
2026-08-21 01:51:22,bad-epoll,0,0,0,False,N/A
2026-08-21 01:51:22,BinRex,2,0,2,False,TypeScript
2026-08-21 01:51:22,deepseek-harness,0,0,0,False,N/A
2026-08-21 01:51:22,eulix,16,2,16,False,Go
2026-08-21 01:51:22,gin,0,0,0,False,Go
2026-08-21 01:51:22,github-stats,0,0,0,False,Python
2026-08-21 01:51:22,gstrings,0,0,0,False,Go
2026-08-21 01:51:22,Hecate,121,6,121,False,Shell
2026-08-21 01:51:22,Hera,0,0,0,False,TypeScript
2026-08-21 01:51:22,Hermes,1,0,1,False,N/A
2026-08-21 01:51:22,hive,0,0,0,False,N/A
2026-08-21 01:51:22,linux,0,0,0,False,N/A
2026-08-21 01:51:22,Nurysso,0,0,0,False,N/A
2026-08-21 01:51:22,openshorts,0,0,0,False,N/A
2026-08-21 01:51:22,prtofolio,3,0,3,False,TypeScript
2026-08-21 01:51:22,searxng,0,0,0,False,Python
2026-08-21 01:51:22,test,0,0,0,False,Python
2026-08-21 01:51:22,tyr,14,1,14,False,Rust
2026-08-21 01:51:22,vanish,21,0,21,False,Go
2026-08-21 01:51:22,Vis-Neuclea,0,0,0,False,TypeScript
2026-08-21 01:51:22,yajl,1,0,1,False,N/A
